index,parent,subba,time,start,end,start_act,end_act,start_match,end_match,n_obs,na,type,update,success,comments
1,CISO,PGAE,2024-08-06 09:46:46.225651+00:00,2018-07-01 08:00:00,2024-02-18 01:00:00,2018-07-01 08:00:00,2024-02-18 01:00:00,True,True,49386.0,50.0,backfill,True,True,Missing values were found; 
1,CISO,SCE,2024-08-06 09:47:01.854627+00:00,2018-07-01 08:00:00,2024-02-18 01:00:00,2018-07-01 08:00:00,2024-02-18 01:00:00,True,True,49386.0,50.0,backfill,True,True,Missing values were found; 
1,CISO,SDGE,2024-08-06 09:47:19.553041+00:00,2018-07-01 08:00:00,2024-02-18 01:00:00,2018-07-01 08:00:00,2024-02-18 01:00:00,True,True,49386.0,50.0,backfill,True,True,Missing values were found; 
1,CISO,VEA,2024-08-06 09:47:36.126530+00:00,2018-07-01 08:00:00,2024-02-18 01:00:00,2018-07-01 08:00:00,2024-02-18 01:00:00,True,True,49386.0,50.0,backfill,True,True,Missing values were found; 
2,CISO,PGAE,2024-08-06 10:12:44.063538+00:00,2024-02-18 02:00:00,2024-08-05 07:00:00,2024-02-18 02:00:00,2024-08-05 07:00:00,True,True,4062.0,0.0,refresh,True,True,
2,CISO,SCE,2024-08-06 10:12:46.705342+00:00,2024-02-18 02:00:00,2024-08-05 07:00:00,2024-02-18 02:00:00,2024-08-05 07:00:00,True,True,4062.0,0.0,refresh,True,True,
2,CISO,SDGE,2024-08-06 10:12:49.431867+00:00,2024-02-18 02:00:00,2024-08-05 07:00:00,2024-02-18 02:00:00,2024-08-05 07:00:00,True,True,4062.0,0.0,refresh,True,True,
2,CISO,VEA,2024-08-06 10:12:52.171521+00:00,2024-02-18 02:00:00,2024-08-05 07:00:00,2024-02-18 02:00:00,2024-08-05 07:00:00,True,True,4062.0,0.0,refresh,True,True,
3,CISO,PGAE,2024-08-06 12:23:53.114682+00:00,2024-08-05 08:00:00,2024-08-05 07:00:00,,,,,,,refresh,False,False,"No new data is available; The data refresh failed, please check the log; "
3,CISO,SCE,2024-08-06 12:23:53.115949+00:00,2024-08-05 08:00:00,2024-08-05 07:00:00,,,,,,,refresh,False,False,"No new data is available; The data refresh failed, please check the log; "
3,CISO,SDGE,2024-08-06 12:23:53.117755+00:00,2024-08-05 08:00:00,2024-08-05 07:00:00,,,,,,,refresh,False,False,"No new data is available; The data refresh failed, please check the log; "
3,CISO,VEA,2024-08-06 12:23:53.119075+00:00,2024-08-05 08:00:00,2024-08-05 07:00:00,,,,,,,refresh,False,False,"No new data is available; The data refresh failed, please check the log; "
4,CISO,PGAE,2024-08-07 00:57:47.336348+00:00,2024-08-05 08:00:00,2024-08-06 07:00:00,2024-08-05 08:00:00,2024-08-06 07:00:00,True,True,24.0,0.0,refresh,True,True,
4,CISO,SCE,2024-08-07 00:57:48.371515+00:00,2024-08-05 08:00:00,2024-08-06 07:00:00,2024-08-05 08:00:00,2024-08-06 07:00:00,True,True,24.0,0.0,refresh,True,True,
4,CISO,SDGE,2024-08-07 00:57:49.535165+00:00,2024-08-05 08:00:00,2024-08-06 07:00:00,2024-08-05 08:00:00,2024-08-06 07:00:00,True,True,24.0,0.0,refresh,True,True,
4,CISO,VEA,2024-08-07 00:57:50.756823+00:00,2024-08-05 08:00:00,2024-08-06 07:00:00,2024-08-05 08:00:00,2024-08-06 07:00:00,True,True,24.0,0.0,refresh,True,True,
5,CISO,PGAE,2024-08-07 12:24:35.455177+00:00,2024-08-06 08:00:00,2024-08-06 07:00:00,,,,,,,refresh,False,False,"No new data is available; The data refresh failed, please check the log; "
5,CISO,SCE,2024-08-07 12:24:35.456236+00:00,2024-08-06 08:00:00,2024-08-06 07:00:00,,,,,,,refresh,False,False,"No new data is available; The data refresh failed, please check the log; "
5,CISO,SDGE,2024-08-07 12:24:35.457793+00:00,2024-08-06 08:00:00,2024-08-06 07:00:00,,,,,,,refresh,False,False,"No new data is available; The data refresh failed, please check the log; "
5,CISO,VEA,2024-08-07 12:24:35.459391+00:00,2024-08-06 08:00:00,2024-08-06 07:00:00,,,,,,,refresh,False,False,"No new data is available; The data refresh failed, please check the log; "
6,CISO,PGAE,2024-08-08 00:57:37.122534+00:00,2024-08-06 08:00:00,2024-08-07 07:00:00,2024-08-06 08:00:00,2024-08-07 07:00:00,True,True,24.0,0.0,refresh,True,True,
6,CISO,SCE,2024-08-08 00:57:38.318621+00:00,2024-08-06 08:00:00,2024-08-07 07:00:00,2024-08-06 08:00:00,2024-08-07 07:00:00,True,True,24.0,0.0,refresh,True,True,
6,CISO,SDGE,2024-08-08 00:57:39.536746+00:00,2024-08-06 08:00:00,2024-08-07 07:00:00,2024-08-06 08:00:00,2024-08-07 07:00:00,True,True,24.0,0.0,refresh,True,True,
6,CISO,VEA,2024-08-08 00:57:40.704806+00:00,2024-08-06 08:00:00,2024-08-07 07:00:00,2024-08-06 08:00:00,2024-08-07 07:00:00,True,True,24.0,0.0,refresh,True,True,
7,CISO,PGAE,2024-08-08 12:23:48.177506+00:00,2024-08-07 08:00:00,2024-08-07 07:00:00,,,,,,,refresh,False,False,"No new data is available; The data refresh failed, please check the log; "
7,CISO,SCE,2024-08-08 12:23:48.178487+00:00,2024-08-07 08:00:00,2024-08-07 07:00:00,,,,,,,refresh,False,False,"No new data is available; The data refresh failed, please check the log; "
7,CISO,SDGE,2024-08-08 12:23:48.180026+00:00,2024-08-07 08:00:00,2024-08-07 07:00:00,,,,,,,refresh,False,False,"No new data is available; The data refresh failed, please check the log; "
7,CISO,VEA,2024-08-08 12:23:48.181479+00:00,2024-08-07 08:00:00,2024-08-07 07:00:00,,,,,,,refresh,False,False,"No new data is available; The data refresh failed, please check the log; "
8,CISO,PGAE,2024-08-09 00:58:16.757304+00:00,2024-08-07 08:00:00,2024-08-08 07:00:00,2024-08-07 08:00:00,2024-08-08 07:00:00,True,True,24.0,0.0,refresh,True,True,
8,CISO,SCE,2024-08-09 00:58:18.191666+00:00,2024-08-07 08:00:00,2024-08-08 07:00:00,2024-08-07 08:00:00,2024-08-08 07:00:00,True,True,24.0,0.0,refresh,True,True,
8,CISO,SDGE,2024-08-09 00:58:19.377394+00:00,2024-08-07 08:00:00,2024-08-08 07:00:00,2024-08-07 08:00:00,2024-08-08 07:00:00,True,True,24.0,0.0,refresh,True,True,
8,CISO,VEA,2024-08-09 00:58:20.563464+00:00,2024-08-07 08:00:00,2024-08-08 07:00:00,2024-08-07 08:00:00,2024-08-08 07:00:00,True,True,24.0,0.0,refresh,True,True,
9,CISO,PGAE,2024-08-09 12:24:06.411303+00:00,2024-08-08 08:00:00,2024-08-08 07:00:00,,,,,,,refresh,False,False,"No new data is available; The data refresh failed, please check the log; "
9,CISO,SCE,2024-08-09 12:24:06.412312+00:00,2024-08-08 08:00:00,2024-08-08 07:00:00,,,,,,,refresh,False,False,"No new data is available; The data refresh failed, please check the log; "
9,CISO,SDGE,2024-08-09 12:24:06.413874+00:00,2024-08-08 08:00:00,2024-08-08 07:00:00,,,,,,,refresh,False,False,"No new data is available; The data refresh failed, please check the log; "
9,CISO,VEA,2024-08-09 12:24:06.415275+00:00,2024-08-08 08:00:00,2024-08-08 07:00:00,,,,,,,refresh,False,False,"No new data is available; The data refresh failed, please check the log; "
10,CISO,PGAE,2024-08-10 00:57:47.338233+00:00,2024-08-08 08:00:00,2024-08-09 07:00:00,2024-08-08 08:00:00,2024-08-09 07:00:00,True,True,24.0,0.0,refresh,True,True,
10,CISO,SCE,2024-08-10 00:57:49.410279+00:00,2024-08-08 08:00:00,2024-08-09 07:00:00,2024-08-08 08:00:00,2024-08-09 07:00:00,True,True,24.0,0.0,refresh,True,True,
10,CISO,SDGE,2024-08-10 00:57:51.488889+00:00,2024-08-08 08:00:00,2024-08-09 07:00:00,2024-08-08 08:00:00,2024-08-09 07:00:00,True,True,24.0,0.0,refresh,True,True,
10,CISO,VEA,2024-08-10 00:57:53.527262+00:00,2024-08-08 08:00:00,2024-08-09 07:00:00,2024-08-08 08:00:00,2024-08-09 07:00:00,True,True,24.0,0.0,refresh,True,True,
11,CISO,PGAE,2024-08-10 12:22:29.086336+00:00,2024-08-09 08:00:00,2024-08-10 07:00:00,2024-08-09 08:00:00,2024-08-10 07:00:00,True,True,24.0,0.0,refresh,True,True,
11,CISO,SCE,2024-08-10 12:22:31.316608+00:00,2024-08-09 08:00:00,2024-08-10 07:00:00,2024-08-09 08:00:00,2024-08-10 07:00:00,True,True,24.0,0.0,refresh,True,True,
11,CISO,SDGE,2024-08-10 12:22:33.435881+00:00,2024-08-09 08:00:00,2024-08-10 07:00:00,2024-08-09 08:00:00,2024-08-10 07:00:00,True,True,24.0,0.0,refresh,True,True,
11,CISO,VEA,2024-08-10 12:22:35.569129+00:00,2024-08-09 08:00:00,2024-08-10 07:00:00,2024-08-09 08:00:00,2024-08-10 07:00:00,True,True,24.0,0.0,refresh,True,True,
12,CISO,PGAE,2024-08-11 01:02:06.371394+00:00,2024-08-10 08:00:00,2024-08-10 07:00:00,,,,,,,refresh,False,False,"No new data is available; The data refresh failed, please check the log; "
12,CISO,SCE,2024-08-11 01:02:06.372445+00:00,2024-08-10 08:00:00,2024-08-10 07:00:00,,,,,,,refresh,False,False,"No new data is available; The data refresh failed, please check the log; "
12,CISO,SDGE,2024-08-11 01:02:06.373981+00:00,2024-08-10 08:00:00,2024-08-10 07:00:00,,,,,,,refresh,False,False,"No new data is available; The data refresh failed, please check the log; "
12,CISO,VEA,2024-08-11 01:02:06.375547+00:00,2024-08-10 08:00:00,2024-08-10 07:00:00,,,,,,,refresh,False,False,"No new data is available; The data refresh failed, please check the log; "
13,CISO,PGAE,2024-08-11 12:22:12.686990+00:00,2024-08-10 08:00:00,2024-08-11 07:00:00,2024-08-10 08:00:00,2024-08-11 07:00:00,True,True,24.0,0.0,refresh,True,True,
13,CISO,SCE,2024-08-11 12:22:15.086772+00:00,2024-08-10 08:00:00,2024-08-11 07:00:00,2024-08-10 08:00:00,2024-08-11 07:00:00,True,True,24.0,0.0,refresh,True,True,
13,CISO,SDGE,2024-08-11 12:22:17.201225+00:00,2024-08-10 08:00:00,2024-08-11 07:00:00,2024-08-10 08:00:00,2024-08-11 07:00:00,True,True,24.0,0.0,refresh,True,True,
13,CISO,VEA,2024-08-11 12:22:19.352638+00:00,2024-08-10 08:00:00,2024-08-11 07:00:00,2024-08-10 08:00:00,2024-08-11 07:00:00,True,True,24.0,0.0,refresh,True,True,
14,CISO,PGAE,2024-08-12 00:59:16.426257+00:00,2024-08-11 08:00:00,2024-08-11 07:00:00,,,,,,,refresh,False,False,"No new data is available; The data refresh failed, please check the log; "
14,CISO,SCE,2024-08-12 00:59:16.427415+00:00,2024-08-11 08:00:00,2024-08-11 07:00:00,,,,,,,refresh,False,False,"No new data is available; The data refresh failed, please check the log; "
14,CISO,SDGE,2024-08-12 00:59:16.428927+00:00,2024-08-11 08:00:00,2024-08-11 07:00:00,,,,,,,refresh,False,False,"No new data is available; The data refresh failed, please check the log; "
14,CISO,VEA,2024-08-12 00:59:16.430438+00:00,2024-08-11 08:00:00,2024-08-11 07:00:00,,,,,,,refresh,False,False,"No new data is available; The data refresh failed, please check the log; "
15,CISO,PGAE,2024-08-12 12:26:10.990177+00:00,2024-08-11 08:00:00,2024-08-12 07:00:00,2024-08-11 08:00:00,2024-08-12 07:00:00,True,True,24.0,0.0,refresh,True,True,
15,CISO,SCE,2024-08-12 12:26:12.965155+00:00,2024-08-11 08:00:00,2024-08-12 07:00:00,2024-08-11 08:00:00,2024-08-12 07:00:00,True,True,24.0,0.0,refresh,True,True,
15,CISO,SDGE,2024-08-12 12:26:14.937449+00:00,2024-08-11 08:00:00,2024-08-12 07:00:00,2024-08-11 08:00:00,2024-08-12 07:00:00,True,True,24.0,0.0,refresh,True,True,
15,CISO,VEA,2024-08-12 12:26:16.827994+00:00,2024-08-11 08:00:00,2024-08-12 07:00:00,2024-08-11 08:00:00,2024-08-12 07:00:00,True,True,24.0,0.0,refresh,True,True,
16,CISO,PGAE,2024-08-13 00:59:04.264392+00:00,2024-08-12 08:00:00,2024-08-12 07:00:00,,,,,,,refresh,False,False,"No new data is available; The data refresh failed, please check the log; "
16,CISO,SCE,2024-08-13 00:59:04.265617+00:00,2024-08-12 08:00:00,2024-08-12 07:00:00,,,,,,,refresh,False,False,"No new data is available; The data refresh failed, please check the log; "
16,CISO,SDGE,2024-08-13 00:59:04.267415+00:00,2024-08-12 08:00:00,2024-08-12 07:00:00,,,,,,,refresh,False,False,"No new data is available; The data refresh failed, please check the log; "
16,CISO,VEA,2024-08-13 00:59:04.269103+00:00,2024-08-12 08:00:00,2024-08-12 07:00:00,,,,,,,refresh,False,False,"No new data is available; The data refresh failed, please check the log; "
17,CISO,PGAE,2024-08-13 12:25:19.329331+00:00,2024-08-12 08:00:00,2024-08-13 07:00:00,2024-08-12 08:00:00,2024-08-13 07:00:00,True,True,24.0,0.0,refresh,True,True,
17,CISO,SCE,2024-08-13 12:25:21.263949+00:00,2024-08-12 08:00:00,2024-08-13 07:00:00,2024-08-12 08:00:00,2024-08-13 07:00:00,True,True,24.0,0.0,refresh,True,True,
17,CISO,SDGE,2024-08-13 12:25:23.217297+00:00,2024-08-12 08:00:00,2024-08-13 07:00:00,2024-08-12 08:00:00,2024-08-13 07:00:00,True,True,24.0,0.0,refresh,True,True,
17,CISO,VEA,2024-08-13 12:25:25.142647+00:00,2024-08-12 08:00:00,2024-08-13 07:00:00,2024-08-12 08:00:00,2024-08-13 07:00:00,True,True,24.0,0.0,refresh,True,True,
18,CISO,PGAE,2024-08-14 00:58:08.070744+00:00,2024-08-13 08:00:00,2024-08-13 07:00:00,,,,,,,refresh,False,False,"No new data is available; The data refresh failed, please check the log; "
18,CISO,SCE,2024-08-14 00:58:08.072065+00:00,2024-08-13 08:00:00,2024-08-13 07:00:00,,,,,,,refresh,False,False,"No new data is available; The data refresh failed, please check the log; "
18,CISO,SDGE,2024-08-14 00:58:08.073648+00:00,2024-08-13 08:00:00,2024-08-13 07:00:00,,,,,,,refresh,False,False,"No new data is available; The data refresh failed, please check the log; "
18,CISO,VEA,2024-08-14 00:58:08.074938+00:00,2024-08-13 08:00:00,2024-08-13 07:00:00,,,,,,,refresh,False,False,"No new data is available; The data refresh failed, please check the log; "
19,CISO,PGAE,2024-08-14 12:24:20.058967+00:00,2024-08-13 08:00:00,2024-08-14 07:00:00,2024-08-13 08:00:00,2024-08-14 07:00:00,True,True,24.0,0.0,refresh,True,True,
19,CISO,SCE,2024-08-14 12:24:22.138171+00:00,2024-08-13 08:00:00,2024-08-14 07:00:00,2024-08-13 08:00:00,2024-08-14 07:00:00,True,True,24.0,0.0,refresh,True,True,
19,CISO,SDGE,2024-08-14 12:24:24.009994+00:00,2024-08-13 08:00:00,2024-08-14 07:00:00,2024-08-13 08:00:00,2024-08-14 07:00:00,True,True,24.0,0.0,refresh,True,True,
19,CISO,VEA,2024-08-14 12:24:26.134120+00:00,2024-08-13 08:00:00,2024-08-14 07:00:00,2024-08-13 08:00:00,2024-08-14 07:00:00,True,True,24.0,0.0,refresh,True,True,
20,CISO,PGAE,2024-08-15 00:55:36.059587+00:00,2024-08-14 08:00:00,2024-08-14 07:00:00,,,,,,,refresh,False,False,"No new data is available; The data refresh failed, please check the log; "
20,CISO,SCE,2024-08-15 00:55:36.060647+00:00,2024-08-14 08:00:00,2024-08-14 07:00:00,,,,,,,refresh,False,False,"No new data is available; The data refresh failed, please check the log; "
20,CISO,SDGE,2024-08-15 00:55:36.062229+00:00,2024-08-14 08:00:00,2024-08-14 07:00:00,,,,,,,refresh,False,False,"No new data is available; The data refresh failed, please check the log; "
20,CISO,VEA,2024-08-15 00:55:36.063820+00:00,2024-08-14 08:00:00,2024-08-14 07:00:00,,,,,,,refresh,False,False,"No new data is available; The data refresh failed, please check the log; "
21,CISO,PGAE,2024-08-15 12:24:45.738038+00:00,2024-08-14 08:00:00,2024-08-15 07:00:00,2024-08-14 08:00:00,2024-08-15 07:00:00,True,True,24.0,0.0,refresh,True,True,
21,CISO,SCE,2024-08-15 12:24:47.937341+00:00,2024-08-14 08:00:00,2024-08-15 07:00:00,2024-08-14 08:00:00,2024-08-15 07:00:00,True,True,24.0,0.0,refresh,True,True,
21,CISO,SDGE,2024-08-15 12:24:50.077595+00:00,2024-08-14 08:00:00,2024-08-15 07:00:00,2024-08-14 08:00:00,2024-08-15 07:00:00,True,True,24.0,0.0,refresh,True,True,
21,CISO,VEA,2024-08-15 12:24:52.187246+00:00,2024-08-14 08:00:00,2024-08-15 07:00:00,2024-08-14 08:00:00,2024-08-15 07:00:00,True,True,24.0,0.0,refresh,True,True,
22,CISO,PGAE,2024-08-16 00:57:22.618385+00:00,2024-08-15 08:00:00,2024-08-15 07:00:00,,,,,,,refresh,False,False,"No new data is available; The data refresh failed, please check the log; "
22,CISO,SCE,2024-08-16 00:57:22.619365+00:00,2024-08-15 08:00:00,2024-08-15 07:00:00,,,,,,,refresh,False,False,"No new data is available; The data refresh failed, please check the log; "
22,CISO,SDGE,2024-08-16 00:57:22.620887+00:00,2024-08-15 08:00:00,2024-08-15 07:00:00,,,,,,,refresh,False,False,"No new data is available; The data refresh failed, please check the log; "
22,CISO,VEA,2024-08-16 00:57:22.622343+00:00,2024-08-15 08:00:00,2024-08-15 07:00:00,,,,,,,refresh,False,False,"No new data is available; The data refresh failed, please check the log; "
23,CISO,PGAE,2024-08-16 12:24:22.686936+00:00,2024-08-15 08:00:00,2024-08-16 07:00:00,2024-08-15 08:00:00,2024-08-16 07:00:00,True,True,24.0,0.0,refresh,True,True,
23,CISO,SCE,2024-08-16 12:24:24.949510+00:00,2024-08-15 08:00:00,2024-08-16 07:00:00,2024-08-15 08:00:00,2024-08-16 07:00:00,True,True,24.0,0.0,refresh,True,True,
23,CISO,SDGE,2024-08-16 12:24:27.016280+00:00,2024-08-15 08:00:00,2024-08-16 07:00:00,2024-08-15 08:00:00,2024-08-16 07:00:00,True,True,24.0,0.0,refresh,True,True,
23,CISO,VEA,2024-08-16 12:24:29.113511+00:00,2024-08-15 08:00:00,2024-08-16 07:00:00,2024-08-15 08:00:00,2024-08-16 07:00:00,True,True,24.0,0.0,refresh,True,True,
24,CISO,PGAE,2024-08-17 00:55:54.996770+00:00,2024-08-16 08:00:00,2024-08-16 07:00:00,,,,,,,refresh,False,False,"No new data is available; The data refresh failed, please check the log; "
24,CISO,SCE,2024-08-17 00:55:54.997788+00:00,2024-08-16 08:00:00,2024-08-16 07:00:00,,,,,,,refresh,False,False,"No new data is available; The data refresh failed, please check the log; "
24,CISO,SDGE,2024-08-17 00:55:54.999457+00:00,2024-08-16 08:00:00,2024-08-16 07:00:00,,,,,,,refresh,False,False,"No new data is available; The data refresh failed, please check the log; "
24,CISO,VEA,2024-08-17 00:55:55.001552+00:00,2024-08-16 08:00:00,2024-08-16 07:00:00,,,,,,,refresh,False,False,"No new data is available; The data refresh failed, please check the log; "
25,CISO,PGAE,2024-08-17 12:21:25.496845+00:00,2024-08-16 08:00:00,2024-08-17 07:00:00,2024-08-16 08:00:00,2024-08-17 07:00:00,True,True,24.0,0.0,refresh,True,True,
25,CISO,SCE,2024-08-17 12:21:27.849758+00:00,2024-08-16 08:00:00,2024-08-17 07:00:00,2024-08-16 08:00:00,2024-08-17 07:00:00,True,True,24.0,0.0,refresh,True,True,
25,CISO,SDGE,2024-08-17 12:21:29.987080+00:00,2024-08-16 08:00:00,2024-08-17 07:00:00,2024-08-16 08:00:00,2024-08-17 07:00:00,True,True,24.0,0.0,refresh,True,True,
25,CISO,VEA,2024-08-17 12:21:32.075203+00:00,2024-08-16 08:00:00,2024-08-17 07:00:00,2024-08-16 08:00:00,2024-08-17 07:00:00,True,True,24.0,0.0,refresh,True,True,
26,CISO,PGAE,2024-08-18 01:01:17.403467+00:00,2024-08-17 08:00:00,2024-08-17 07:00:00,,,,,,,refresh,False,False,"No new data is available; The data refresh failed, please check the log; "
26,CISO,SCE,2024-08-18 01:01:17.404575+00:00,2024-08-17 08:00:00,2024-08-17 07:00:00,,,,,,,refresh,False,False,"No new data is available; The data refresh failed, please check the log; "
26,CISO,SDGE,2024-08-18 01:01:17.406162+00:00,2024-08-17 08:00:00,2024-08-17 07:00:00,,,,,,,refresh,False,False,"No new data is available; The data refresh failed, please check the log; "
26,CISO,VEA,2024-08-18 01:01:17.407732+00:00,2024-08-17 08:00:00,2024-08-17 07:00:00,,,,,,,refresh,False,False,"No new data is available; The data refresh failed, please check the log; "
27,CISO,PGAE,2024-08-18 12:24:00.719236+00:00,2024-08-17 08:00:00,2024-08-18 07:00:00,2024-08-17 08:00:00,2024-08-18 07:00:00,True,True,24.0,0.0,refresh,True,True,
27,CISO,SCE,2024-08-18 12:24:02.745427+00:00,2024-08-17 08:00:00,2024-08-18 07:00:00,2024-08-17 08:00:00,2024-08-18 07:00:00,True,True,24.0,0.0,refresh,True,True,
27,CISO,SDGE,2024-08-18 12:24:04.771670+00:00,2024-08-17 08:00:00,2024-08-18 07:00:00,2024-08-17 08:00:00,2024-08-18 07:00:00,True,True,24.0,0.0,refresh,True,True,
27,CISO,VEA,2024-08-18 12:24:06.776052+00:00,2024-08-17 08:00:00,2024-08-18 07:00:00,2024-08-17 08:00:00,2024-08-18 07:00:00,True,True,24.0,0.0,refresh,True,True,
28,CISO,PGAE,2024-08-19 00:58:33.874699+00:00,2024-08-18 08:00:00,2024-08-18 07:00:00,,,,,,,refresh,False,False,"No new data is available; The data refresh failed, please check the log; "
28,CISO,SCE,2024-08-19 00:58:33.875882+00:00,2024-08-18 08:00:00,2024-08-18 07:00:00,,,,,,,refresh,False,False,"No new data is available; The data refresh failed, please check the log; "
28,CISO,SDGE,2024-08-19 00:58:33.877565+00:00,2024-08-18 08:00:00,2024-08-18 07:00:00,,,,,,,refresh,False,False,"No new data is available; The data refresh failed, please check the log; "
28,CISO,VEA,2024-08-19 00:58:33.878957+00:00,2024-08-18 08:00:00,2024-08-18 07:00:00,,,,,,,refresh,False,False,"No new data is available; The data refresh failed, please check the log; "
29,CISO,PGAE,2024-08-19 12:24:38.985617+00:00,2024-08-18 08:00:00,2024-08-19 07:00:00,2024-08-18 08:00:00,2024-08-19 07:00:00,True,True,24.0,0.0,refresh,True,True,
29,CISO,SCE,2024-08-19 12:24:41.978865+00:00,2024-08-18 08:00:00,2024-08-19 07:00:00,2024-08-18 08:00:00,2024-08-19 07:00:00,True,True,24.0,0.0,refresh,True,True,
29,CISO,SDGE,2024-08-19 12:24:44.036812+00:00,2024-08-18 08:00:00,2024-08-19 07:00:00,2024-08-18 08:00:00,2024-08-19 07:00:00,True,True,24.0,0.0,refresh,True,True,
29,CISO,VEA,2024-08-19 12:24:46.069642+00:00,2024-08-18 08:00:00,2024-08-19 07:00:00,2024-08-18 08:00:00,2024-08-19 07:00:00,True,True,24.0,0.0,refresh,True,True,
30,CISO,PGAE,2024-08-20 00:57:14.560328+00:00,2024-08-19 08:00:00,2024-08-19 07:00:00,,,,,,,refresh,False,False,"No new data is available; The data refresh failed, please check the log; "
30,CISO,SCE,2024-08-20 00:57:14.561315+00:00,2024-08-19 08:00:00,2024-08-19 07:00:00,,,,,,,refresh,False,False,"No new data is available; The data refresh failed, please check the log; "
30,CISO,SDGE,2024-08-20 00:57:14.562839+00:00,2024-08-19 08:00:00,2024-08-19 07:00:00,,,,,,,refresh,False,False,"No new data is available; The data refresh failed, please check the log; "
30,CISO,VEA,2024-08-20 00:57:14.564318+00:00,2024-08-19 08:00:00,2024-08-19 07:00:00,,,,,,,refresh,False,False,"No new data is available; The data refresh failed, please check the log; "
31,CISO,PGAE,2024-08-20 12:24:56.980961+00:00,2024-08-19 08:00:00,2024-08-20 07:00:00,2024-08-19 08:00:00,2024-08-20 07:00:00,True,True,24.0,0.0,refresh,True,True,
31,CISO,SCE,2024-08-20 12:24:59.261378+00:00,2024-08-19 08:00:00,2024-08-20 07:00:00,2024-08-19 08:00:00,2024-08-20 07:00:00,True,True,24.0,0.0,refresh,True,True,
31,CISO,SDGE,2024-08-20 12:25:01.302722+00:00,2024-08-19 08:00:00,2024-08-20 07:00:00,2024-08-19 08:00:00,2024-08-20 07:00:00,True,True,24.0,0.0,refresh,True,True,
31,CISO,VEA,2024-08-20 12:25:03.394114+00:00,2024-08-19 08:00:00,2024-08-20 07:00:00,2024-08-19 08:00:00,2024-08-20 07:00:00,True,True,24.0,0.0,refresh,True,True,
32,CISO,PGAE,2024-08-21 00:57:30.372579+00:00,2024-08-20 08:00:00,2024-08-20 07:00:00,,,,,,,refresh,False,False,"No new data is available; The data refresh failed, please check the log; "
32,CISO,SCE,2024-08-21 00:57:30.373632+00:00,2024-08-20 08:00:00,2024-08-20 07:00:00,,,,,,,refresh,False,False,"No new data is available; The data refresh failed, please check the log; "
32,CISO,SDGE,2024-08-21 00:57:30.375422+00:00,2024-08-20 08:00:00,2024-08-20 07:00:00,,,,,,,refresh,False,False,"No new data is available; The data refresh failed, please check the log; "
32,CISO,VEA,2024-08-21 00:57:30.376686+00:00,2024-08-20 08:00:00,2024-08-20 07:00:00,,,,,,,refresh,False,False,"No new data is available; The data refresh failed, please check the log; "
33,CISO,PGAE,2024-08-21 12:23:35.918957+00:00,2024-08-20 08:00:00,2024-08-21 07:00:00,2024-08-20 08:00:00,2024-08-21 07:00:00,True,True,24.0,0.0,refresh,True,True,
33,CISO,SCE,2024-08-21 12:23:37.965932+00:00,2024-08-20 08:00:00,2024-08-21 07:00:00,2024-08-20 08:00:00,2024-08-21 07:00:00,True,True,24.0,0.0,refresh,True,True,
33,CISO,SDGE,2024-08-21 12:23:40.036117+00:00,2024-08-20 08:00:00,2024-08-21 07:00:00,2024-08-20 08:00:00,2024-08-21 07:00:00,True,True,24.0,0.0,refresh,True,True,
33,CISO,VEA,2024-08-21 12:23:42.114470+00:00,2024-08-20 08:00:00,2024-08-21 07:00:00,2024-08-20 08:00:00,2024-08-21 07:00:00,True,True,24.0,0.0,refresh,True,True,
34,CISO,PGAE,2024-08-22 00:58:44.030592+00:00,2024-08-21 08:00:00,2024-08-21 07:00:00,,,,,,,refresh,False,False,"No new data is available; The data refresh failed, please check the log; "
34,CISO,SCE,2024-08-22 00:58:44.031609+00:00,2024-08-21 08:00:00,2024-08-21 07:00:00,,,,,,,refresh,False,False,"No new data is available; The data refresh failed, please check the log; "
34,CISO,SDGE,2024-08-22 00:58:44.033023+00:00,2024-08-21 08:00:00,2024-08-21 07:00:00,,,,,,,refresh,False,False,"No new data is available; The data refresh failed, please check the log; "
34,CISO,VEA,2024-08-22 00:58:44.034336+00:00,2024-08-21 08:00:00,2024-08-21 07:00:00,,,,,,,refresh,False,False,"No new data is available; The data refresh failed, please check the log; "
35,CISO,PGAE,2024-08-22 12:24:08.228373+00:00,2024-08-21 08:00:00,2024-08-22 07:00:00,2024-08-21 08:00:00,2024-08-22 07:00:00,True,True,24.0,0.0,refresh,True,True,
35,CISO,SCE,2024-08-22 12:24:10.213555+00:00,2024-08-21 08:00:00,2024-08-22 07:00:00,2024-08-21 08:00:00,2024-08-22 07:00:00,True,True,24.0,0.0,refresh,True,True,
35,CISO,SDGE,2024-08-22 12:24:12.166295+00:00,2024-08-21 08:00:00,2024-08-22 07:00:00,2024-08-21 08:00:00,2024-08-22 07:00:00,True,True,24.0,0.0,refresh,True,True,
35,CISO,VEA,2024-08-22 12:24:14.317772+00:00,2024-08-21 08:00:00,2024-08-22 07:00:00,2024-08-21 08:00:00,2024-08-22 07:00:00,True,True,24.0,0.0,refresh,True,True,
36,CISO,PGAE,2024-08-23 00:57:56.291232+00:00,2024-08-22 08:00:00,2024-08-22 07:00:00,,,,,,,refresh,False,False,"No new data is available; The data refresh failed, please check the log; "
36,CISO,SCE,2024-08-23 00:57:56.292186+00:00,2024-08-22 08:00:00,2024-08-22 07:00:00,,,,,,,refresh,False,False,"No new data is available; The data refresh failed, please check the log; "
36,CISO,SDGE,2024-08-23 00:57:56.293712+00:00,2024-08-22 08:00:00,2024-08-22 07:00:00,,,,,,,refresh,False,False,"No new data is available; The data refresh failed, please check the log; "
36,CISO,VEA,2024-08-23 00:57:56.295039+00:00,2024-08-22 08:00:00,2024-08-22 07:00:00,,,,,,,refresh,False,False,"No new data is available; The data refresh failed, please check the log; "
37,CISO,PGAE,2024-08-23 12:24:06.920019+00:00,2024-08-22 08:00:00,2024-08-23 07:00:00,2024-08-22 08:00:00,2024-08-23 07:00:00,True,True,24.0,0.0,refresh,True,True,
37,CISO,SCE,2024-08-23 12:24:08.631319+00:00,2024-08-22 08:00:00,2024-08-23 07:00:00,2024-08-22 08:00:00,2024-08-23 07:00:00,True,True,24.0,0.0,refresh,True,True,
37,CISO,SDGE,2024-08-23 12:24:09.885197+00:00,2024-08-22 08:00:00,2024-08-23 07:00:00,2024-08-22 08:00:00,2024-08-23 07:00:00,True,True,24.0,0.0,refresh,True,True,
37,CISO,VEA,2024-08-23 12:24:11.374025+00:00,2024-08-22 08:00:00,2024-08-23 07:00:00,2024-08-22 08:00:00,2024-08-23 07:00:00,True,True,24.0,0.0,refresh,True,True,
38,CISO,PGAE,2024-08-24 00:56:39.758924+00:00,2024-08-23 08:00:00,2024-08-23 07:00:00,,,,,,,refresh,False,False,"No new data is available; The data refresh failed, please check the log; "
38,CISO,SCE,2024-08-24 00:56:39.760161+00:00,2024-08-23 08:00:00,2024-08-23 07:00:00,,,,,,,refresh,False,False,"No new data is available; The data refresh failed, please check the log; "
38,CISO,SDGE,2024-08-24 00:56:39.762226+00:00,2024-08-23 08:00:00,2024-08-23 07:00:00,,,,,,,refresh,False,False,"No new data is available; The data refresh failed, please check the log; "
38,CISO,VEA,2024-08-24 00:56:39.763942+00:00,2024-08-23 08:00:00,2024-08-23 07:00:00,,,,,,,refresh,False,False,"No new data is available; The data refresh failed, please check the log; "
39,CISO,PGAE,2024-08-24 12:22:05.927730+00:00,2024-08-23 08:00:00,2024-08-24 07:00:00,2024-08-23 08:00:00,2024-08-24 07:00:00,True,True,24.0,0.0,refresh,True,True,
39,CISO,SCE,2024-08-24 12:22:07.249455+00:00,2024-08-23 08:00:00,2024-08-24 07:00:00,2024-08-23 08:00:00,2024-08-24 07:00:00,True,True,24.0,11.0,refresh,False,False,"Missing values were found; The data refresh failed, please check the log; "
39,CISO,SDGE,2024-08-24 12:22:07.843696+00:00,2024-08-23 08:00:00,2024-08-24 07:00:00,2024-08-23 08:00:00,2024-08-24 07:00:00,True,True,24.0,0.0,refresh,True,True,
39,CISO,VEA,2024-08-24 12:22:09.050677+00:00,2024-08-23 08:00:00,2024-08-24 07:00:00,2024-08-23 08:00:00,2024-08-24 07:00:00,True,True,24.0,0.0,refresh,True,True,
40,CISO,PGAE,2024-08-25 01:02:24.764387+00:00,2024-08-24 08:00:00,2024-08-24 07:00:00,,,,,,,refresh,False,False,"No new data is available; The data refresh failed, please check the log; "
40,CISO,SCE,2024-08-25 01:02:32.042016+00:00,2024-08-23 08:00:00,2024-08-24 07:00:00,2024-08-23 08:00:00,2024-08-24 07:00:00,True,True,24.0,11.0,refresh,False,False,"Missing values were found; The data refresh failed, please check the log; "
40,CISO,SDGE,2024-08-25 01:02:32.045252+00:00,2024-08-24 08:00:00,2024-08-24 07:00:00,,,,,,,refresh,False,False,"No new data is available; The data refresh failed, please check the log; "
40,CISO,VEA,2024-08-25 01:02:32.047260+00:00,2024-08-24 08:00:00,2024-08-24 07:00:00,,,,,,,refresh,False,False,"No new data is available; The data refresh failed, please check the log; "
41,CISO,PGAE,2024-08-26 00:58:33.259514+00:00,2024-08-24 08:00:00,2024-08-25 07:00:00,2024-08-24 08:00:00,2024-08-25 07:00:00,True,True,24.0,0.0,refresh,True,True,
41,CISO,SCE,2024-08-26 00:58:34.622949+00:00,2024-08-23 08:00:00,2024-08-25 07:00:00,2024-08-23 08:00:00,2024-08-25 07:00:00,True,True,48.0,11.0,refresh,False,False,"Missing values were found; The data refresh failed, please check the log; "
41,CISO,SDGE,2024-08-26 00:58:35.584573+00:00,2024-08-24 08:00:00,2024-08-25 07:00:00,2024-08-24 08:00:00,2024-08-25 07:00:00,True,True,24.0,0.0,refresh,True,True,
41,CISO,VEA,2024-08-26 00:58:37.442802+00:00,2024-08-24 08:00:00,2024-08-25 07:00:00,2024-08-24 08:00:00,2024-08-25 07:00:00,True,True,24.0,0.0,refresh,True,True,
42,CISO,PGAE,2024-08-26 12:24:44.565223+00:00,2024-08-25 08:00:00,2024-08-25 07:00:00,,,,,,,refresh,False,False,"No new data is available; The data refresh failed, please check the log; "
42,CISO,SCE,2024-08-26 12:24:45.194919+00:00,2024-08-23 08:00:00,2024-08-25 07:00:00,2024-08-23 08:00:00,2024-08-25 07:00:00,True,True,48.0,11.0,refresh,False,False,"Missing values were found; The data refresh failed, please check the log; "
42,CISO,SDGE,2024-08-26 12:24:45.198226+00:00,2024-08-25 08:00:00,2024-08-25 07:00:00,,,,,,,refresh,False,False,"No new data is available; The data refresh failed, please check the log; "
42,CISO,VEA,2024-08-26 12:24:45.200316+00:00,2024-08-25 08:00:00,2024-08-25 07:00:00,,,,,,,refresh,False,False,"No new data is available; The data refresh failed, please check the log; "
43,CISO,PGAE,2024-08-27 00:58:56.997752+00:00,2024-08-25 08:00:00,2024-08-26 07:00:00,2024-08-25 08:00:00,2024-08-26 07:00:00,True,True,24.0,0.0,refresh,True,True,
43,CISO,SCE,2024-08-27 00:58:58.449828+00:00,2024-08-23 08:00:00,2024-08-26 07:00:00,2024-08-23 08:00:00,2024-08-26 07:00:00,True,True,72.0,13.0,refresh,False,False,"Missing values were found; The data refresh failed, please check the log; "
43,CISO,SDGE,2024-08-27 00:58:59.112410+00:00,2024-08-25 08:00:00,2024-08-26 07:00:00,2024-08-25 08:00:00,2024-08-26 07:00:00,True,True,24.0,0.0,refresh,True,True,
43,CISO,VEA,2024-08-27 00:59:00.345081+00:00,2024-08-25 08:00:00,2024-08-26 07:00:00,2024-08-25 08:00:00,2024-08-26 07:00:00,True,True,24.0,0.0,refresh,True,True,
44,CISO,PGAE,2024-08-28 00:59:30.145281+00:00,2024-08-26 08:00:00,2024-08-27 07:00:00,2024-08-26 08:00:00,2024-08-27 07:00:00,True,True,24.0,5.0,refresh,False,False,"Missing values were found; The data refresh failed, please check the log; "
44,CISO,SCE,2024-08-28 00:59:30.953639+00:00,2024-08-23 08:00:00,2024-08-27 07:00:00,2024-08-23 08:00:00,2024-08-27 07:00:00,True,True,96.0,27.0,refresh,False,False,"Missing values were found; The data refresh failed, please check the log; "
44,CISO,SDGE,2024-08-28 00:59:31.735051+00:00,2024-08-26 08:00:00,2024-08-27 07:00:00,2024-08-26 08:00:00,2024-08-27 07:00:00,True,True,24.0,0.0,refresh,True,True,
44,CISO,VEA,2024-08-28 00:59:33.166322+00:00,2024-08-26 08:00:00,2024-08-27 07:00:00,2024-08-26 08:00:00,2024-08-27 07:00:00,True,True,24.0,0.0,refresh,True,True,
45,CISO,PGAE,2024-08-28 12:25:42.678102+00:00,2024-08-26 08:00:00,2024-08-28 07:00:00,2024-08-26 08:00:00,2024-08-28 07:00:00,True,True,48.0,12.0,refresh,False,False,"Missing values were found; The data refresh failed, please check the log; "
45,CISO,SCE,2024-08-28 12:25:43.490068+00:00,2024-08-23 08:00:00,2024-08-28 07:00:00,2024-08-23 08:00:00,2024-08-28 07:00:00,True,True,120.0,41.0,refresh,False,False,"Missing values were found; The data refresh failed, please check the log; "
45,CISO,SDGE,2024-08-28 12:25:44.307025+00:00,2024-08-27 08:00:00,2024-08-28 07:00:00,2024-08-27 08:00:00,2024-08-28 07:00:00,True,True,24.0,0.0,refresh,True,True,
45,CISO,VEA,2024-08-28 12:25:45.731418+00:00,2024-08-27 08:00:00,2024-08-28 07:00:00,2024-08-27 08:00:00,2024-08-28 07:00:00,True,True,24.0,0.0,refresh,True,True,
46,CISO,PGAE,2024-08-29 00:59:50.296356+00:00,2024-08-26 08:00:00,2024-08-28 07:00:00,2024-08-26 08:00:00,2024-08-28 07:00:00,True,True,48.0,5.0,refresh,False,False,"Missing values were found; The data refresh failed, please check the log; "
46,CISO,SCE,2024-08-29 00:59:51.136523+00:00,2024-08-23 08:00:00,2024-08-28 07:00:00,2024-08-23 08:00:00,2024-08-28 07:00:00,True,True,120.0,14.0,refresh,False,False,"Missing values were found; The data refresh failed, please check the log; "
46,CISO,SDGE,2024-08-29 00:59:51.138941+00:00,2024-08-28 08:00:00,2024-08-28 07:00:00,,,,,,,refresh,False,False,"No new data is available; The data refresh failed, please check the log; "
46,CISO,VEA,2024-08-29 00:59:51.141076+00:00,2024-08-28 08:00:00,2024-08-28 07:00:00,,,,,,,refresh,False,False,"No new data is available; The data refresh failed, please check the log; "
47,CISO,PGAE,2024-08-29 12:25:09.799530+00:00,2024-08-26 08:00:00,2024-08-29 07:00:00,2024-08-26 08:00:00,2024-08-29 07:00:00,True,True,72.0,5.0,refresh,False,False,"Missing values were found; The data refresh failed, please check the log; "
47,CISO,SCE,2024-08-29 12:25:10.567143+00:00,2024-08-23 08:00:00,2024-08-29 07:00:00,2024-08-23 08:00:00,2024-08-29 07:00:00,True,True,144.0,14.0,refresh,False,False,"Missing values were found; The data refresh failed, please check the log; "
47,CISO,SDGE,2024-08-29 12:25:11.411679+00:00,2024-08-28 08:00:00,2024-08-29 07:00:00,2024-08-28 08:00:00,2024-08-29 07:00:00,True,True,24.0,0.0,refresh,True,True,
47,CISO,VEA,2024-08-29 12:25:17.501033+00:00,2024-08-28 08:00:00,2024-08-29 07:00:00,2024-08-28 08:00:00,2024-08-29 07:00:00,True,True,24.0,0.0,refresh,True,True,
48,CISO,PGAE,2024-08-30 00:59:57.986031+00:00,2024-08-26 08:00:00,2024-08-29 07:00:00,2024-08-26 08:00:00,2024-08-29 07:00:00,True,True,72.0,5.0,refresh,False,False,"Missing values were found; The data refresh failed, please check the log; "
48,CISO,SCE,2024-08-30 00:59:58.758661+00:00,2024-08-23 08:00:00,2024-08-29 07:00:00,2024-08-23 08:00:00,2024-08-29 07:00:00,True,True,144.0,14.0,refresh,False,False,"Missing values were found; The data refresh failed, please check the log; "
48,CISO,SDGE,2024-08-30 00:59:58.760990+00:00,2024-08-29 08:00:00,2024-08-29 07:00:00,,,,,,,refresh,False,False,"No new data is available; The data refresh failed, please check the log; "
48,CISO,VEA,2024-08-30 00:59:58.762893+00:00,2024-08-29 08:00:00,2024-08-29 07:00:00,,,,,,,refresh,False,False,"No new data is available; The data refresh failed, please check the log; "
49,CISO,PGAE,2024-08-31 01:00:03.655071+00:00,2024-08-26 08:00:00,2024-08-30 07:00:00,2024-08-26 08:00:00,2024-08-30 07:00:00,True,True,96.0,5.0,refresh,False,False,"Missing values were found; The data refresh failed, please check the log; "
49,CISO,SCE,2024-08-31 01:00:31.062469+00:00,2024-08-23 08:00:00,2024-08-30 07:00:00,2024-08-23 08:00:00,2024-08-30 07:00:00,True,True,168.0,14.0,refresh,False,False,"Missing values were found; The data refresh failed, please check the log; "
49,CISO,SDGE,2024-08-31 01:01:06.555322+00:00,2024-08-29 08:00:00,2024-08-30 07:00:00,2024-08-29 08:00:00,2024-08-30 07:00:00,True,True,24.0,0.0,refresh,True,True,
49,CISO,VEA,2024-08-31 01:02:09.878233+00:00,2024-08-29 08:00:00,2024-08-30 07:00:00,2024-08-29 08:00:00,2024-08-30 07:00:00,True,True,24.0,0.0,refresh,True,True,
50,CISO,PGAE,2024-08-31 12:23:04.815489+00:00,2024-08-26 08:00:00,2024-08-31 07:00:00,2024-08-26 08:00:00,2024-08-31 07:00:00,True,True,120.0,5.0,refresh,False,False,"Missing values were found; The data refresh failed, please check the log; "
50,CISO,SCE,2024-08-31 12:23:07.317820+00:00,2024-08-23 08:00:00,2024-08-31 07:00:00,2024-08-23 08:00:00,2024-08-31 07:00:00,True,True,192.0,14.0,refresh,False,False,"Missing values were found; The data refresh failed, please check the log; "
50,CISO,SDGE,2024-08-31 12:23:13.780722+00:00,2024-08-30 08:00:00,2024-08-31 07:00:00,2024-08-30 08:00:00,2024-08-31 07:00:00,True,True,24.0,0.0,refresh,True,True,
50,CISO,VEA,2024-08-31 12:23:18.812226+00:00,2024-08-30 08:00:00,2024-08-31 07:00:00,2024-08-30 08:00:00,2024-08-31 07:00:00,True,True,24.0,0.0,refresh,True,True,
51,CISO,PGAE,2024-09-01 01:09:39.702564+00:00,2024-08-26 08:00:00,2024-08-31 07:00:00,2024-08-26 08:00:00,2024-08-31 07:00:00,True,True,120.0,5.0,refresh,False,False,"Missing values were found; The data refresh failed, please check the log; "
51,CISO,SCE,2024-09-01 01:09:42.907792+00:00,2024-08-23 08:00:00,2024-08-31 07:00:00,2024-08-23 08:00:00,2024-08-31 07:00:00,True,True,192.0,14.0,refresh,False,False,"Missing values were found; The data refresh failed, please check the log; "
51,CISO,SDGE,2024-09-01 01:09:42.910165+00:00,2024-08-31 08:00:00,2024-08-31 07:00:00,,,,,,,refresh,False,False,"No new data is available; The data refresh failed, please check the log; "
51,CISO,VEA,2024-09-01 01:09:42.912291+00:00,2024-08-31 08:00:00,2024-08-31 07:00:00,,,,,,,refresh,False,False,"No new data is available; The data refresh failed, please check the log; "
52,CISO,PGAE,2024-09-01 12:23:00.351150+00:00,2024-08-26 08:00:00,2024-09-01 07:00:00,2024-08-26 08:00:00,2024-09-01 07:00:00,True,True,144.0,5.0,refresh,False,False,"Missing values were found; The data refresh failed, please check the log; "
52,CISO,SCE,2024-09-01 12:23:01.059280+00:00,2024-08-23 08:00:00,2024-09-01 07:00:00,2024-08-23 08:00:00,2024-09-01 07:00:00,True,True,216.0,14.0,refresh,False,False,"Missing values were found; The data refresh failed, please check the log; "
52,CISO,SDGE,2024-09-01 12:23:01.975932+00:00,2024-08-31 08:00:00,2024-09-01 07:00:00,2024-08-31 08:00:00,2024-09-01 07:00:00,True,True,24.0,0.0,refresh,True,True,
52,CISO,VEA,2024-09-01 12:23:03.933935+00:00,2024-08-31 08:00:00,2024-09-01 07:00:00,2024-08-31 08:00:00,2024-09-01 07:00:00,True,True,24.0,0.0,refresh,True,True,
53,CISO,PGAE,2024-09-02 01:01:36.380906+00:00,2024-08-26 08:00:00,2024-09-01 07:00:00,2024-08-26 08:00:00,2024-09-01 07:00:00,True,True,144.0,5.0,refresh,False,False,"Missing values were found; The data refresh failed, please check the log; "
53,CISO,SCE,2024-09-02 01:01:49.762485+00:00,2024-08-23 08:00:00,2024-09-01 07:00:00,2024-08-23 08:00:00,2024-09-01 07:00:00,True,True,216.0,14.0,refresh,False,False,"Missing values were found; The data refresh failed, please check the log; "
53,CISO,SDGE,2024-09-02 01:01:49.764871+00:00,2024-09-01 08:00:00,2024-09-01 07:00:00,,,,,,,refresh,False,False,"No new data is available; The data refresh failed, please check the log; "
53,CISO,VEA,2024-09-02 01:01:49.766842+00:00,2024-09-01 08:00:00,2024-09-01 07:00:00,,,,,,,refresh,False,False,"No new data is available; The data refresh failed, please check the log; "
54,CISO,PGAE,2024-09-02 12:26:46.486715+00:00,2024-08-26 08:00:00,2024-09-02 07:00:00,2024-08-26 08:00:00,2024-09-02 07:00:00,True,True,168.0,5.0,refresh,False,False,"Missing values were found; The data refresh failed, please check the log; "
54,CISO,SCE,2024-09-02 12:26:47.091125+00:00,2024-08-23 08:00:00,2024-09-02 07:00:00,2024-08-23 08:00:00,2024-09-02 07:00:00,True,True,240.0,14.0,refresh,False,False,"Missing values were found; The data refresh failed, please check the log; "
54,CISO,SDGE,2024-09-02 12:26:47.743868+00:00,2024-09-01 08:00:00,2024-09-02 07:00:00,2024-09-01 08:00:00,2024-09-02 07:00:00,True,True,24.0,0.0,refresh,True,True,
54,CISO,VEA,2024-09-02 12:26:49.048964+00:00,2024-09-01 08:00:00,2024-09-02 07:00:00,2024-09-01 08:00:00,2024-09-02 07:00:00,True,True,24.0,0.0,refresh,True,True,
55,CISO,PGAE,2024-09-03 00:59:38.967801+00:00,2024-08-26 08:00:00,2024-09-02 07:00:00,2024-08-26 08:00:00,2024-09-02 07:00:00,True,True,168.0,5.0,refresh,False,False,"Missing values were found; The data refresh failed, please check the log; "
55,CISO,SCE,2024-09-03 00:59:39.746843+00:00,2024-08-23 08:00:00,2024-09-02 07:00:00,2024-08-23 08:00:00,2024-09-02 07:00:00,True,True,240.0,14.0,refresh,False,False,"Missing values were found; The data refresh failed, please check the log; "
55,CISO,SDGE,2024-09-03 00:59:39.749227+00:00,2024-09-02 08:00:00,2024-09-02 07:00:00,,,,,,,refresh,False,False,"No new data is available; The data refresh failed, please check the log; "
55,CISO,VEA,2024-09-03 00:59:39.751323+00:00,2024-09-02 08:00:00,2024-09-02 07:00:00,,,,,,,refresh,False,False,"No new data is available; The data refresh failed, please check the log; "
56,CISO,PGAE,2024-09-03 12:25:41.197129+00:00,2024-08-26 08:00:00,2024-09-03 07:00:00,2024-08-26 08:00:00,2024-09-03 07:00:00,True,True,192.0,5.0,refresh,False,False,"Missing values were found; The data refresh failed, please check the log; "
56,CISO,SCE,2024-09-03 12:25:42.248769+00:00,2024-08-23 08:00:00,2024-09-03 07:00:00,2024-08-23 08:00:00,2024-09-03 07:00:00,True,True,264.0,14.0,refresh,False,False,"Missing values were found; The data refresh failed, please check the log; "
56,CISO,SDGE,2024-09-03 12:25:42.981463+00:00,2024-09-02 08:00:00,2024-09-03 07:00:00,2024-09-02 08:00:00,2024-09-03 07:00:00,True,True,24.0,0.0,refresh,True,True,
56,CISO,VEA,2024-09-03 12:25:44.681654+00:00,2024-09-02 08:00:00,2024-09-03 07:00:00,2024-09-02 08:00:00,2024-09-03 07:00:00,True,True,24.0,0.0,refresh,True,True,
