"index","parent","subba","time","start","end","start_act","end_act","start_match","end_match","n_obs","na","type","update","success","comments"
1,"CISO","PGAE",2024-08-06 09:49:48.240088,2018-07-01 08:00:00,2024-02-18,2018-07-01 08:00:00,2024-02-18,TRUE,TRUE,49385,50,"backfill",TRUE,TRUE,"Missing values were found;"
1,"CISO","SCE",2024-08-06 09:50:12.502711,2018-07-01 08:00:00,2024-02-18,2018-07-01 08:00:00,2024-02-18,TRUE,TRUE,49385,50,"backfill",TRUE,TRUE,"Missing values were found;"
1,"CISO","SDGE",2024-08-06 09:50:38.771004,2018-07-01 08:00:00,2024-02-18,2018-07-01 08:00:00,2024-02-18,TRUE,TRUE,49385,50,"backfill",TRUE,TRUE,"Missing values were found;"
1,"CISO","VEA",2024-08-06 09:51:03.671893,2018-07-01 08:00:00,2024-02-18,2018-07-01 08:00:00,2024-02-18,TRUE,TRUE,49385,50,"backfill",TRUE,TRUE,"Missing values were found;"
2,"CISO","PGAE",2024-08-06 10:14:17.850058,2024-02-18 01:00:00,2024-08-05 07:00:00,2024-02-18 01:00:00,2024-08-05 07:00:00,TRUE,TRUE,4063,0,"refresh",TRUE,TRUE,NA
2,"CISO","SCE",2024-08-06 10:14:22.153165,2024-02-18 01:00:00,2024-08-05 07:00:00,2024-02-18 01:00:00,2024-08-05 07:00:00,TRUE,TRUE,4063,0,"refresh",TRUE,TRUE,NA
2,"CISO","SDGE",2024-08-06 10:14:26.243282,2024-02-18 01:00:00,2024-08-05 07:00:00,2024-02-18 01:00:00,2024-08-05 07:00:00,TRUE,TRUE,4063,0,"refresh",TRUE,TRUE,NA
2,"CISO","VEA",2024-08-06 10:14:30.701204,2024-02-18 01:00:00,2024-08-05 07:00:00,2024-02-18 01:00:00,2024-08-05 07:00:00,TRUE,TRUE,4063,0,"refresh",TRUE,TRUE,NA
3,"CISO","PGAE",2024-08-06 12:36:12.818425,2024-08-05 08:00:00,2024-08-05 07:00:00,NA,NA,NA,NA,NA,NA,"refresh",FALSE,FALSE,"No new data is available; The data refresh failed, please check the log;"
3,"CISO","SCE",2024-08-06 12:36:12.819925,2024-08-05 08:00:00,2024-08-05 07:00:00,NA,NA,NA,NA,NA,NA,"refresh",FALSE,FALSE,"No new data is available; The data refresh failed, please check the log;"
3,"CISO","SDGE",2024-08-06 12:36:12.821357,2024-08-05 08:00:00,2024-08-05 07:00:00,NA,NA,NA,NA,NA,NA,"refresh",FALSE,FALSE,"No new data is available; The data refresh failed, please check the log;"
3,"CISO","VEA",2024-08-06 12:36:12.822547,2024-08-05 08:00:00,2024-08-05 07:00:00,NA,NA,NA,NA,NA,NA,"refresh",FALSE,FALSE,"No new data is available; The data refresh failed, please check the log;"
4,"CISO","PGAE",2024-08-07 01:21:40.323079,2024-08-05 08:00:00,2024-08-06 07:00:00,2024-08-05 08:00:00,2024-08-06 07:00:00,TRUE,TRUE,24,0,"refresh",TRUE,TRUE,NA
4,"CISO","SCE",2024-08-07 01:21:41.959251,2024-08-05 08:00:00,2024-08-06 07:00:00,2024-08-05 08:00:00,2024-08-06 07:00:00,TRUE,TRUE,24,0,"refresh",TRUE,TRUE,NA
4,"CISO","SDGE",2024-08-07 01:21:43.914029,2024-08-05 08:00:00,2024-08-06 07:00:00,2024-08-05 08:00:00,2024-08-06 07:00:00,TRUE,TRUE,24,0,"refresh",TRUE,TRUE,NA
4,"CISO","VEA",2024-08-07 01:21:45.519789,2024-08-05 08:00:00,2024-08-06 07:00:00,2024-08-05 08:00:00,2024-08-06 07:00:00,TRUE,TRUE,24,0,"refresh",TRUE,TRUE,NA
5,"CISO","PGAE",2024-08-07 12:37:08.985996,2024-08-06 08:00:00,2024-08-06 07:00:00,NA,NA,NA,NA,NA,NA,"refresh",FALSE,FALSE,"No new data is available; The data refresh failed, please check the log;"
5,"CISO","SCE",2024-08-07 12:37:08.987488,2024-08-06 08:00:00,2024-08-06 07:00:00,NA,NA,NA,NA,NA,NA,"refresh",FALSE,FALSE,"No new data is available; The data refresh failed, please check the log;"
5,"CISO","SDGE",2024-08-07 12:37:08.9886,2024-08-06 08:00:00,2024-08-06 07:00:00,NA,NA,NA,NA,NA,NA,"refresh",FALSE,FALSE,"No new data is available; The data refresh failed, please check the log;"
5,"CISO","VEA",2024-08-07 12:37:08.989697,2024-08-06 08:00:00,2024-08-06 07:00:00,NA,NA,NA,NA,NA,NA,"refresh",FALSE,FALSE,"No new data is available; The data refresh failed, please check the log;"
6,"CISO","PGAE",2024-08-08 01:21:18.51251,2024-08-06 08:00:00,2024-08-07 07:00:00,2024-08-06 08:00:00,2024-08-07 07:00:00,TRUE,TRUE,24,0,"refresh",TRUE,TRUE,NA
6,"CISO","SCE",2024-08-08 01:21:20.015971,2024-08-06 08:00:00,2024-08-07 07:00:00,2024-08-06 08:00:00,2024-08-07 07:00:00,TRUE,TRUE,24,0,"refresh",TRUE,TRUE,NA
6,"CISO","SDGE",2024-08-08 01:21:21.510819,2024-08-06 08:00:00,2024-08-07 07:00:00,2024-08-06 08:00:00,2024-08-07 07:00:00,TRUE,TRUE,24,0,"refresh",TRUE,TRUE,NA
6,"CISO","VEA",2024-08-08 01:21:22.99382,2024-08-06 08:00:00,2024-08-07 07:00:00,2024-08-06 08:00:00,2024-08-07 07:00:00,TRUE,TRUE,24,0,"refresh",TRUE,TRUE,NA
7,"CISO","PGAE",2024-08-08 12:36:36.126601,2024-08-07 08:00:00,2024-08-07 07:00:00,NA,NA,NA,NA,NA,NA,"refresh",FALSE,FALSE,"No new data is available; The data refresh failed, please check the log;"
7,"CISO","SCE",2024-08-08 12:36:36.127838,2024-08-07 08:00:00,2024-08-07 07:00:00,NA,NA,NA,NA,NA,NA,"refresh",FALSE,FALSE,"No new data is available; The data refresh failed, please check the log;"
7,"CISO","SDGE",2024-08-08 12:36:36.128884,2024-08-07 08:00:00,2024-08-07 07:00:00,NA,NA,NA,NA,NA,NA,"refresh",FALSE,FALSE,"No new data is available; The data refresh failed, please check the log;"
7,"CISO","VEA",2024-08-08 12:36:36.129875,2024-08-07 08:00:00,2024-08-07 07:00:00,NA,NA,NA,NA,NA,NA,"refresh",FALSE,FALSE,"No new data is available; The data refresh failed, please check the log;"
8,"CISO","PGAE",2024-08-09 01:22:22.823909,2024-08-07 08:00:00,2024-08-08 07:00:00,2024-08-07 08:00:00,2024-08-08 07:00:00,TRUE,TRUE,24,0,"refresh",TRUE,TRUE,NA
8,"CISO","SCE",2024-08-09 01:22:24.511844,2024-08-07 08:00:00,2024-08-08 07:00:00,2024-08-07 08:00:00,2024-08-08 07:00:00,TRUE,TRUE,24,0,"refresh",TRUE,TRUE,NA
8,"CISO","SDGE",2024-08-09 01:22:26.180522,2024-08-07 08:00:00,2024-08-08 07:00:00,2024-08-07 08:00:00,2024-08-08 07:00:00,TRUE,TRUE,24,0,"refresh",TRUE,TRUE,NA
8,"CISO","VEA",2024-08-09 01:22:28.158643,2024-08-07 08:00:00,2024-08-08 07:00:00,2024-08-07 08:00:00,2024-08-08 07:00:00,TRUE,TRUE,24,0,"refresh",TRUE,TRUE,NA
9,"CISO","PGAE",2024-08-09 12:36:13.696126,2024-08-08 08:00:00,2024-08-08 07:00:00,NA,NA,NA,NA,NA,NA,"refresh",FALSE,FALSE,"No new data is available; The data refresh failed, please check the log;"
9,"CISO","SCE",2024-08-09 12:36:13.697482,2024-08-08 08:00:00,2024-08-08 07:00:00,NA,NA,NA,NA,NA,NA,"refresh",FALSE,FALSE,"No new data is available; The data refresh failed, please check the log;"
9,"CISO","SDGE",2024-08-09 12:36:13.698559,2024-08-08 08:00:00,2024-08-08 07:00:00,NA,NA,NA,NA,NA,NA,"refresh",FALSE,FALSE,"No new data is available; The data refresh failed, please check the log;"
9,"CISO","VEA",2024-08-09 12:36:13.699648,2024-08-08 08:00:00,2024-08-08 07:00:00,NA,NA,NA,NA,NA,NA,"refresh",FALSE,FALSE,"No new data is available; The data refresh failed, please check the log;"
10,"CISO","PGAE",2024-08-10 01:22:02.379553,2024-08-08 08:00:00,2024-08-09 07:00:00,2024-08-08 08:00:00,2024-08-09 07:00:00,TRUE,TRUE,24,0,"refresh",TRUE,TRUE,NA
10,"CISO","SCE",2024-08-10 01:22:05.029084,2024-08-08 08:00:00,2024-08-09 07:00:00,2024-08-08 08:00:00,2024-08-09 07:00:00,TRUE,TRUE,24,0,"refresh",TRUE,TRUE,NA
10,"CISO","SDGE",2024-08-10 01:22:07.833575,2024-08-08 08:00:00,2024-08-09 07:00:00,2024-08-08 08:00:00,2024-08-09 07:00:00,TRUE,TRUE,24,0,"refresh",TRUE,TRUE,NA
10,"CISO","VEA",2024-08-10 01:22:10.374844,2024-08-08 08:00:00,2024-08-09 07:00:00,2024-08-08 08:00:00,2024-08-09 07:00:00,TRUE,TRUE,24,0,"refresh",TRUE,TRUE,NA
11,"CISO","PGAE",2024-08-10 12:34:19.599,2024-08-09 08:00:00,2024-08-10 07:00:00,2024-08-09 08:00:00,2024-08-10 07:00:00,TRUE,TRUE,24,0,"refresh",TRUE,TRUE,NA
11,"CISO","SCE",2024-08-10 12:34:22.17431,2024-08-09 08:00:00,2024-08-10 07:00:00,2024-08-09 08:00:00,2024-08-10 07:00:00,TRUE,TRUE,24,0,"refresh",TRUE,TRUE,NA
11,"CISO","SDGE",2024-08-10 12:34:24.611116,2024-08-09 08:00:00,2024-08-10 07:00:00,2024-08-09 08:00:00,2024-08-10 07:00:00,TRUE,TRUE,24,0,"refresh",TRUE,TRUE,NA
11,"CISO","VEA",2024-08-10 12:34:27.028949,2024-08-09 08:00:00,2024-08-10 07:00:00,2024-08-09 08:00:00,2024-08-10 07:00:00,TRUE,TRUE,24,0,"refresh",TRUE,TRUE,NA
12,"CISO","PGAE",2024-08-11 01:27:30.853629,2024-08-10 08:00:00,2024-08-10 07:00:00,NA,NA,NA,NA,NA,NA,"refresh",FALSE,FALSE,"No new data is available; The data refresh failed, please check the log;"
12,"CISO","SCE",2024-08-11 01:27:30.855068,2024-08-10 08:00:00,2024-08-10 07:00:00,NA,NA,NA,NA,NA,NA,"refresh",FALSE,FALSE,"No new data is available; The data refresh failed, please check the log;"
12,"CISO","SDGE",2024-08-11 01:27:30.856179,2024-08-10 08:00:00,2024-08-10 07:00:00,NA,NA,NA,NA,NA,NA,"refresh",FALSE,FALSE,"No new data is available; The data refresh failed, please check the log;"
12,"CISO","VEA",2024-08-11 01:27:30.857247,2024-08-10 08:00:00,2024-08-10 07:00:00,NA,NA,NA,NA,NA,NA,"refresh",FALSE,FALSE,"No new data is available; The data refresh failed, please check the log;"
13,"CISO","PGAE",2024-08-11 12:34:28.437984,2024-08-10 08:00:00,2024-08-11 07:00:00,2024-08-10 08:00:00,2024-08-11 07:00:00,TRUE,TRUE,24,0,"refresh",TRUE,TRUE,NA
13,"CISO","SCE",2024-08-11 12:34:30.834309,2024-08-10 08:00:00,2024-08-11 07:00:00,2024-08-10 08:00:00,2024-08-11 07:00:00,TRUE,TRUE,24,0,"refresh",TRUE,TRUE,NA
13,"CISO","SDGE",2024-08-11 12:34:33.452055,2024-08-10 08:00:00,2024-08-11 07:00:00,2024-08-10 08:00:00,2024-08-11 07:00:00,TRUE,TRUE,24,0,"refresh",TRUE,TRUE,NA
13,"CISO","VEA",2024-08-11 12:34:35.808232,2024-08-10 08:00:00,2024-08-11 07:00:00,2024-08-10 08:00:00,2024-08-11 07:00:00,TRUE,TRUE,24,0,"refresh",TRUE,TRUE,NA
14,"CISO","PGAE",2024-08-12 01:23:28.870185,2024-08-11 08:00:00,2024-08-11 07:00:00,NA,NA,NA,NA,NA,NA,"refresh",FALSE,FALSE,"No new data is available; The data refresh failed, please check the log;"
14,"CISO","SCE",2024-08-12 01:23:28.871494,2024-08-11 08:00:00,2024-08-11 07:00:00,NA,NA,NA,NA,NA,NA,"refresh",FALSE,FALSE,"No new data is available; The data refresh failed, please check the log;"
14,"CISO","SDGE",2024-08-12 01:23:28.872672,2024-08-11 08:00:00,2024-08-11 07:00:00,NA,NA,NA,NA,NA,NA,"refresh",FALSE,FALSE,"No new data is available; The data refresh failed, please check the log;"
14,"CISO","VEA",2024-08-12 01:23:28.873724,2024-08-11 08:00:00,2024-08-11 07:00:00,NA,NA,NA,NA,NA,NA,"refresh",FALSE,FALSE,"No new data is available; The data refresh failed, please check the log;"
15,"CISO","PGAE",2024-08-12 12:38:33.331676,2024-08-11 08:00:00,2024-08-12 07:00:00,2024-08-11 08:00:00,2024-08-12 07:00:00,TRUE,TRUE,24,0,"refresh",TRUE,TRUE,NA
15,"CISO","SCE",2024-08-12 12:38:36.019796,2024-08-11 08:00:00,2024-08-12 07:00:00,2024-08-11 08:00:00,2024-08-12 07:00:00,TRUE,TRUE,24,0,"refresh",TRUE,TRUE,NA
15,"CISO","SDGE",2024-08-12 12:38:38.634463,2024-08-11 08:00:00,2024-08-12 07:00:00,2024-08-11 08:00:00,2024-08-12 07:00:00,TRUE,TRUE,24,0,"refresh",TRUE,TRUE,NA
15,"CISO","VEA",2024-08-12 12:38:41.270461,2024-08-11 08:00:00,2024-08-12 07:00:00,2024-08-11 08:00:00,2024-08-12 07:00:00,TRUE,TRUE,24,0,"refresh",TRUE,TRUE,NA
16,"CISO","PGAE",2024-08-13 01:23:06.346411,2024-08-12 08:00:00,2024-08-12 07:00:00,NA,NA,NA,NA,NA,NA,"refresh",FALSE,FALSE,"No new data is available; The data refresh failed, please check the log;"
16,"CISO","SCE",2024-08-13 01:23:06.347765,2024-08-12 08:00:00,2024-08-12 07:00:00,NA,NA,NA,NA,NA,NA,"refresh",FALSE,FALSE,"No new data is available; The data refresh failed, please check the log;"
16,"CISO","SDGE",2024-08-13 01:23:06.348831,2024-08-12 08:00:00,2024-08-12 07:00:00,NA,NA,NA,NA,NA,NA,"refresh",FALSE,FALSE,"No new data is available; The data refresh failed, please check the log;"
16,"CISO","VEA",2024-08-13 01:23:06.349902,2024-08-12 08:00:00,2024-08-12 07:00:00,NA,NA,NA,NA,NA,NA,"refresh",FALSE,FALSE,"No new data is available; The data refresh failed, please check the log;"
17,"CISO","PGAE",2024-08-13 12:37:21.65371,2024-08-12 08:00:00,2024-08-13 07:00:00,2024-08-12 08:00:00,2024-08-13 07:00:00,TRUE,TRUE,24,0,"refresh",TRUE,TRUE,NA
17,"CISO","SCE",2024-08-13 12:37:24.251513,2024-08-12 08:00:00,2024-08-13 07:00:00,2024-08-12 08:00:00,2024-08-13 07:00:00,TRUE,TRUE,24,0,"refresh",TRUE,TRUE,NA
17,"CISO","SDGE",2024-08-13 12:37:26.933139,2024-08-12 08:00:00,2024-08-13 07:00:00,2024-08-12 08:00:00,2024-08-13 07:00:00,TRUE,TRUE,24,0,"refresh",TRUE,TRUE,NA
17,"CISO","VEA",2024-08-13 12:37:29.524621,2024-08-12 08:00:00,2024-08-13 07:00:00,2024-08-12 08:00:00,2024-08-13 07:00:00,TRUE,TRUE,24,0,"refresh",TRUE,TRUE,NA
18,"CISO","PGAE",2024-08-14 01:22:05.122361,2024-08-13 08:00:00,2024-08-13 07:00:00,NA,NA,NA,NA,NA,NA,"refresh",FALSE,FALSE,"No new data is available; The data refresh failed, please check the log;"
18,"CISO","SCE",2024-08-14 01:22:05.123729,2024-08-13 08:00:00,2024-08-13 07:00:00,NA,NA,NA,NA,NA,NA,"refresh",FALSE,FALSE,"No new data is available; The data refresh failed, please check the log;"
18,"CISO","SDGE",2024-08-14 01:22:05.124835,2024-08-13 08:00:00,2024-08-13 07:00:00,NA,NA,NA,NA,NA,NA,"refresh",FALSE,FALSE,"No new data is available; The data refresh failed, please check the log;"
18,"CISO","VEA",2024-08-14 01:22:05.125914,2024-08-13 08:00:00,2024-08-13 07:00:00,NA,NA,NA,NA,NA,NA,"refresh",FALSE,FALSE,"No new data is available; The data refresh failed, please check the log;"
19,"CISO","PGAE",2024-08-14 12:36:45.828223,2024-08-13 08:00:00,2024-08-14 07:00:00,2024-08-13 08:00:00,2024-08-14 07:00:00,TRUE,TRUE,24,0,"refresh",TRUE,TRUE,NA
19,"CISO","SCE",2024-08-14 12:36:48.241686,2024-08-13 08:00:00,2024-08-14 07:00:00,2024-08-13 08:00:00,2024-08-14 07:00:00,TRUE,TRUE,24,0,"refresh",TRUE,TRUE,NA
19,"CISO","SDGE",2024-08-14 12:36:50.667631,2024-08-13 08:00:00,2024-08-14 07:00:00,2024-08-13 08:00:00,2024-08-14 07:00:00,TRUE,TRUE,24,0,"refresh",TRUE,TRUE,NA
19,"CISO","VEA",2024-08-14 12:36:53.072464,2024-08-13 08:00:00,2024-08-14 07:00:00,2024-08-13 08:00:00,2024-08-14 07:00:00,TRUE,TRUE,24,0,"refresh",TRUE,TRUE,NA
20,"CISO","PGAE",2024-08-15 01:17:48.164507,2024-08-14 08:00:00,2024-08-14 07:00:00,NA,NA,NA,NA,NA,NA,"refresh",FALSE,FALSE,"No new data is available; The data refresh failed, please check the log;"
20,"CISO","SCE",2024-08-15 01:17:48.166588,2024-08-14 08:00:00,2024-08-14 07:00:00,NA,NA,NA,NA,NA,NA,"refresh",FALSE,FALSE,"No new data is available; The data refresh failed, please check the log;"
20,"CISO","SDGE",2024-08-15 01:17:48.167778,2024-08-14 08:00:00,2024-08-14 07:00:00,NA,NA,NA,NA,NA,NA,"refresh",FALSE,FALSE,"No new data is available; The data refresh failed, please check the log;"
20,"CISO","VEA",2024-08-15 01:17:48.168915,2024-08-14 08:00:00,2024-08-14 07:00:00,NA,NA,NA,NA,NA,NA,"refresh",FALSE,FALSE,"No new data is available; The data refresh failed, please check the log;"
21,"CISO","PGAE",2024-08-15 12:36:35.651967,2024-08-14 08:00:00,2024-08-15 07:00:00,2024-08-14 08:00:00,2024-08-15 07:00:00,TRUE,TRUE,24,0,"refresh",TRUE,TRUE,NA
21,"CISO","SCE",2024-08-15 12:36:38.135577,2024-08-14 08:00:00,2024-08-15 07:00:00,2024-08-14 08:00:00,2024-08-15 07:00:00,TRUE,TRUE,24,0,"refresh",TRUE,TRUE,NA
21,"CISO","SDGE",2024-08-15 12:36:40.647222,2024-08-14 08:00:00,2024-08-15 07:00:00,2024-08-14 08:00:00,2024-08-15 07:00:00,TRUE,TRUE,24,0,"refresh",TRUE,TRUE,NA
21,"CISO","VEA",2024-08-15 12:36:43.134501,2024-08-14 08:00:00,2024-08-15 07:00:00,2024-08-14 08:00:00,2024-08-15 07:00:00,TRUE,TRUE,24,0,"refresh",TRUE,TRUE,NA
22,"CISO","PGAE",2024-08-16 01:21:23.140553,2024-08-15 08:00:00,2024-08-15 07:00:00,NA,NA,NA,NA,NA,NA,"refresh",FALSE,FALSE,"No new data is available; The data refresh failed, please check the log;"
22,"CISO","SCE",2024-08-16 01:21:23.141976,2024-08-15 08:00:00,2024-08-15 07:00:00,NA,NA,NA,NA,NA,NA,"refresh",FALSE,FALSE,"No new data is available; The data refresh failed, please check the log;"
22,"CISO","SDGE",2024-08-16 01:21:23.143138,2024-08-15 08:00:00,2024-08-15 07:00:00,NA,NA,NA,NA,NA,NA,"refresh",FALSE,FALSE,"No new data is available; The data refresh failed, please check the log;"
22,"CISO","VEA",2024-08-16 01:21:23.144228,2024-08-15 08:00:00,2024-08-15 07:00:00,NA,NA,NA,NA,NA,NA,"refresh",FALSE,FALSE,"No new data is available; The data refresh failed, please check the log;"
23,"CISO","PGAE",2024-08-16 12:36:09.777885,2024-08-15 08:00:00,2024-08-16 07:00:00,2024-08-15 08:00:00,2024-08-16 07:00:00,TRUE,TRUE,24,0,"refresh",TRUE,TRUE,NA
23,"CISO","SCE",2024-08-16 12:36:12.410487,2024-08-15 08:00:00,2024-08-16 07:00:00,2024-08-15 08:00:00,2024-08-16 07:00:00,TRUE,TRUE,24,0,"refresh",TRUE,TRUE,NA
23,"CISO","SDGE",2024-08-16 12:36:15.766381,2024-08-15 08:00:00,2024-08-16 07:00:00,2024-08-15 08:00:00,2024-08-16 07:00:00,TRUE,TRUE,24,0,"refresh",TRUE,TRUE,NA
23,"CISO","VEA",2024-08-16 12:36:18.255503,2024-08-15 08:00:00,2024-08-16 07:00:00,2024-08-15 08:00:00,2024-08-16 07:00:00,TRUE,TRUE,24,0,"refresh",TRUE,TRUE,NA
24,"CISO","PGAE",2024-08-17 01:19:11.281775,2024-08-16 08:00:00,2024-08-16 07:00:00,NA,NA,NA,NA,NA,NA,"refresh",FALSE,FALSE,"No new data is available; The data refresh failed, please check the log;"
24,"CISO","SCE",2024-08-17 01:19:11.283142,2024-08-16 08:00:00,2024-08-16 07:00:00,NA,NA,NA,NA,NA,NA,"refresh",FALSE,FALSE,"No new data is available; The data refresh failed, please check the log;"
24,"CISO","SDGE",2024-08-17 01:19:11.284209,2024-08-16 08:00:00,2024-08-16 07:00:00,NA,NA,NA,NA,NA,NA,"refresh",FALSE,FALSE,"No new data is available; The data refresh failed, please check the log;"
24,"CISO","VEA",2024-08-17 01:19:11.285263,2024-08-16 08:00:00,2024-08-16 07:00:00,NA,NA,NA,NA,NA,NA,"refresh",FALSE,FALSE,"No new data is available; The data refresh failed, please check the log;"
25,"CISO","PGAE",2024-08-17 12:33:03.296352,2024-08-16 08:00:00,2024-08-17 07:00:00,2024-08-16 08:00:00,2024-08-17 07:00:00,TRUE,TRUE,24,0,"refresh",TRUE,TRUE,NA
25,"CISO","SCE",2024-08-17 12:33:05.800458,2024-08-16 08:00:00,2024-08-17 07:00:00,2024-08-16 08:00:00,2024-08-17 07:00:00,TRUE,TRUE,24,0,"refresh",TRUE,TRUE,NA
25,"CISO","SDGE",2024-08-17 12:33:08.262392,2024-08-16 08:00:00,2024-08-17 07:00:00,2024-08-16 08:00:00,2024-08-17 07:00:00,TRUE,TRUE,24,0,"refresh",TRUE,TRUE,NA
25,"CISO","VEA",2024-08-17 12:33:10.977659,2024-08-16 08:00:00,2024-08-17 07:00:00,2024-08-16 08:00:00,2024-08-17 07:00:00,TRUE,TRUE,24,0,"refresh",TRUE,TRUE,NA
26,"CISO","PGAE",2024-08-18 01:26:12.31613,2024-08-17 08:00:00,2024-08-17 07:00:00,NA,NA,NA,NA,NA,NA,"refresh",FALSE,FALSE,"No new data is available; The data refresh failed, please check the log;"
26,"CISO","SCE",2024-08-18 01:26:12.317494,2024-08-17 08:00:00,2024-08-17 07:00:00,NA,NA,NA,NA,NA,NA,"refresh",FALSE,FALSE,"No new data is available; The data refresh failed, please check the log;"
26,"CISO","SDGE",2024-08-18 01:26:12.318599,2024-08-17 08:00:00,2024-08-17 07:00:00,NA,NA,NA,NA,NA,NA,"refresh",FALSE,FALSE,"No new data is available; The data refresh failed, please check the log;"
26,"CISO","VEA",2024-08-18 01:26:12.319771,2024-08-17 08:00:00,2024-08-17 07:00:00,NA,NA,NA,NA,NA,NA,"refresh",FALSE,FALSE,"No new data is available; The data refresh failed, please check the log;"
27,"CISO","PGAE",2024-08-18 12:35:43.787502,2024-08-17 08:00:00,2024-08-18 07:00:00,2024-08-17 08:00:00,2024-08-18 07:00:00,TRUE,TRUE,24,0,"refresh",TRUE,TRUE,NA
27,"CISO","SCE",2024-08-18 12:35:46.453557,2024-08-17 08:00:00,2024-08-18 07:00:00,2024-08-17 08:00:00,2024-08-18 07:00:00,TRUE,TRUE,24,0,"refresh",TRUE,TRUE,NA
27,"CISO","SDGE",2024-08-18 12:35:49.018109,2024-08-17 08:00:00,2024-08-18 07:00:00,2024-08-17 08:00:00,2024-08-18 07:00:00,TRUE,TRUE,24,0,"refresh",TRUE,TRUE,NA
27,"CISO","VEA",2024-08-18 12:35:51.575712,2024-08-17 08:00:00,2024-08-18 07:00:00,2024-08-17 08:00:00,2024-08-18 07:00:00,TRUE,TRUE,24,0,"refresh",TRUE,TRUE,NA
28,"CISO","PGAE",2024-08-19 01:22:49.146616,2024-08-18 08:00:00,2024-08-18 07:00:00,NA,NA,NA,NA,NA,NA,"refresh",FALSE,FALSE,"No new data is available; The data refresh failed, please check the log;"
28,"CISO","SCE",2024-08-19 01:22:49.148017,2024-08-18 08:00:00,2024-08-18 07:00:00,NA,NA,NA,NA,NA,NA,"refresh",FALSE,FALSE,"No new data is available; The data refresh failed, please check the log;"
28,"CISO","SDGE",2024-08-19 01:22:49.149108,2024-08-18 08:00:00,2024-08-18 07:00:00,NA,NA,NA,NA,NA,NA,"refresh",FALSE,FALSE,"No new data is available; The data refresh failed, please check the log;"
28,"CISO","VEA",2024-08-19 01:22:49.15017,2024-08-18 08:00:00,2024-08-18 07:00:00,NA,NA,NA,NA,NA,NA,"refresh",FALSE,FALSE,"No new data is available; The data refresh failed, please check the log;"
29,"CISO","PGAE",2024-08-19 12:36:43.877316,2024-08-18 08:00:00,2024-08-19 07:00:00,2024-08-18 08:00:00,2024-08-19 07:00:00,TRUE,TRUE,24,0,"refresh",TRUE,TRUE,NA
29,"CISO","SCE",2024-08-19 12:36:46.461987,2024-08-18 08:00:00,2024-08-19 07:00:00,2024-08-18 08:00:00,2024-08-19 07:00:00,TRUE,TRUE,24,0,"refresh",TRUE,TRUE,NA
29,"CISO","SDGE",2024-08-19 12:36:49.007186,2024-08-18 08:00:00,2024-08-19 07:00:00,2024-08-18 08:00:00,2024-08-19 07:00:00,TRUE,TRUE,24,0,"refresh",TRUE,TRUE,NA
29,"CISO","VEA",2024-08-19 12:36:51.566572,2024-08-18 08:00:00,2024-08-19 07:00:00,2024-08-18 08:00:00,2024-08-19 07:00:00,TRUE,TRUE,24,0,"refresh",TRUE,TRUE,NA
30,"CISO","PGAE",2024-08-20 01:21:14.932786,2024-08-19 08:00:00,2024-08-19 07:00:00,NA,NA,NA,NA,NA,NA,"refresh",FALSE,FALSE,"No new data is available; The data refresh failed, please check the log;"
30,"CISO","SCE",2024-08-20 01:21:14.934141,2024-08-19 08:00:00,2024-08-19 07:00:00,NA,NA,NA,NA,NA,NA,"refresh",FALSE,FALSE,"No new data is available; The data refresh failed, please check the log;"
30,"CISO","SDGE",2024-08-20 01:21:14.935253,2024-08-19 08:00:00,2024-08-19 07:00:00,NA,NA,NA,NA,NA,NA,"refresh",FALSE,FALSE,"No new data is available; The data refresh failed, please check the log;"
30,"CISO","VEA",2024-08-20 01:21:14.936349,2024-08-19 08:00:00,2024-08-19 07:00:00,NA,NA,NA,NA,NA,NA,"refresh",FALSE,FALSE,"No new data is available; The data refresh failed, please check the log;"
31,"CISO","PGAE",2024-08-20 12:36:59.669064,2024-08-19 08:00:00,2024-08-20 07:00:00,2024-08-19 08:00:00,2024-08-20 07:00:00,TRUE,TRUE,24,0,"refresh",TRUE,TRUE,NA
31,"CISO","SCE",2024-08-20 12:37:02.388674,2024-08-19 08:00:00,2024-08-20 07:00:00,2024-08-19 08:00:00,2024-08-20 07:00:00,TRUE,TRUE,24,0,"refresh",TRUE,TRUE,NA
31,"CISO","SDGE",2024-08-20 12:37:05.075236,2024-08-19 08:00:00,2024-08-20 07:00:00,2024-08-19 08:00:00,2024-08-20 07:00:00,TRUE,TRUE,24,0,"refresh",TRUE,TRUE,NA
31,"CISO","VEA",2024-08-20 12:37:08.11218,2024-08-19 08:00:00,2024-08-20 07:00:00,2024-08-19 08:00:00,2024-08-20 07:00:00,TRUE,TRUE,24,0,"refresh",TRUE,TRUE,NA
32,"CISO","PGAE",2024-08-21 01:21:27.993446,2024-08-20 08:00:00,2024-08-20 07:00:00,NA,NA,NA,NA,NA,NA,"refresh",FALSE,FALSE,"No new data is available; The data refresh failed, please check the log;"
32,"CISO","SCE",2024-08-21 01:21:27.994876,2024-08-20 08:00:00,2024-08-20 07:00:00,NA,NA,NA,NA,NA,NA,"refresh",FALSE,FALSE,"No new data is available; The data refresh failed, please check the log;"
32,"CISO","SDGE",2024-08-21 01:21:27.995984,2024-08-20 08:00:00,2024-08-20 07:00:00,NA,NA,NA,NA,NA,NA,"refresh",FALSE,FALSE,"No new data is available; The data refresh failed, please check the log;"
32,"CISO","VEA",2024-08-21 01:21:27.99707,2024-08-20 08:00:00,2024-08-20 07:00:00,NA,NA,NA,NA,NA,NA,"refresh",FALSE,FALSE,"No new data is available; The data refresh failed, please check the log;"
33,"CISO","PGAE",2024-08-21 12:35:25.753443,2024-08-20 08:00:00,2024-08-21 07:00:00,2024-08-20 08:00:00,2024-08-21 07:00:00,TRUE,TRUE,24,0,"refresh",TRUE,TRUE,NA
33,"CISO","SCE",2024-08-21 12:35:28.946495,2024-08-20 08:00:00,2024-08-21 07:00:00,2024-08-20 08:00:00,2024-08-21 07:00:00,TRUE,TRUE,24,0,"refresh",TRUE,TRUE,NA
33,"CISO","SDGE",2024-08-21 12:35:31.504639,2024-08-20 08:00:00,2024-08-21 07:00:00,2024-08-20 08:00:00,2024-08-21 07:00:00,TRUE,TRUE,24,0,"refresh",TRUE,TRUE,NA
33,"CISO","VEA",2024-08-21 12:35:34.116297,2024-08-20 08:00:00,2024-08-21 07:00:00,2024-08-20 08:00:00,2024-08-21 07:00:00,TRUE,TRUE,24,0,"refresh",TRUE,TRUE,NA
34,"CISO","PGAE",2024-08-22 01:23:10.981666,2024-08-21 08:00:00,2024-08-21 07:00:00,NA,NA,NA,NA,NA,NA,"refresh",FALSE,FALSE,"No new data is available; The data refresh failed, please check the log;"
34,"CISO","SCE",2024-08-22 01:23:10.983152,2024-08-21 08:00:00,2024-08-21 07:00:00,NA,NA,NA,NA,NA,NA,"refresh",FALSE,FALSE,"No new data is available; The data refresh failed, please check the log;"
34,"CISO","SDGE",2024-08-22 01:23:10.984303,2024-08-21 08:00:00,2024-08-21 07:00:00,NA,NA,NA,NA,NA,NA,"refresh",FALSE,FALSE,"No new data is available; The data refresh failed, please check the log;"
34,"CISO","VEA",2024-08-22 01:23:10.985378,2024-08-21 08:00:00,2024-08-21 07:00:00,NA,NA,NA,NA,NA,NA,"refresh",FALSE,FALSE,"No new data is available; The data refresh failed, please check the log;"
35,"CISO","PGAE",2024-08-22 12:36:45.352053,2024-08-21 08:00:00,2024-08-22 07:00:00,2024-08-21 08:00:00,2024-08-22 07:00:00,TRUE,TRUE,24,0,"refresh",TRUE,TRUE,NA
35,"CISO","SCE",2024-08-22 12:36:47.855265,2024-08-21 08:00:00,2024-08-22 07:00:00,2024-08-21 08:00:00,2024-08-22 07:00:00,TRUE,TRUE,24,0,"refresh",TRUE,TRUE,NA
35,"CISO","SDGE",2024-08-22 12:36:50.732101,2024-08-21 08:00:00,2024-08-22 07:00:00,2024-08-21 08:00:00,2024-08-22 07:00:00,TRUE,TRUE,24,0,"refresh",TRUE,TRUE,NA
35,"CISO","VEA",2024-08-22 12:36:53.213715,2024-08-21 08:00:00,2024-08-22 07:00:00,2024-08-21 08:00:00,2024-08-22 07:00:00,TRUE,TRUE,24,0,"refresh",TRUE,TRUE,NA
36,"CISO","PGAE",2024-08-23 01:21:50.954065,2024-08-22 08:00:00,2024-08-22 07:00:00,NA,NA,NA,NA,NA,NA,"refresh",FALSE,FALSE,"No new data is available; The data refresh failed, please check the log;"
36,"CISO","SCE",2024-08-23 01:21:50.955402,2024-08-22 08:00:00,2024-08-22 07:00:00,NA,NA,NA,NA,NA,NA,"refresh",FALSE,FALSE,"No new data is available; The data refresh failed, please check the log;"
36,"CISO","SDGE",2024-08-23 01:21:50.956459,2024-08-22 08:00:00,2024-08-22 07:00:00,NA,NA,NA,NA,NA,NA,"refresh",FALSE,FALSE,"No new data is available; The data refresh failed, please check the log;"
36,"CISO","VEA",2024-08-23 01:21:50.957538,2024-08-22 08:00:00,2024-08-22 07:00:00,NA,NA,NA,NA,NA,NA,"refresh",FALSE,FALSE,"No new data is available; The data refresh failed, please check the log;"
37,"CISO","PGAE",2024-08-23 12:36:21.148676,2024-08-22 08:00:00,2024-08-23 07:00:00,2024-08-22 08:00:00,2024-08-23 07:00:00,TRUE,TRUE,24,0,"refresh",TRUE,TRUE,NA
37,"CISO","SCE",2024-08-23 12:36:22.894745,2024-08-22 08:00:00,2024-08-23 07:00:00,2024-08-22 08:00:00,2024-08-23 07:00:00,TRUE,TRUE,24,0,"refresh",TRUE,TRUE,NA
37,"CISO","SDGE",2024-08-23 12:36:24.864256,2024-08-22 08:00:00,2024-08-23 07:00:00,2024-08-22 08:00:00,2024-08-23 07:00:00,TRUE,TRUE,24,0,"refresh",TRUE,TRUE,NA
37,"CISO","VEA",2024-08-23 12:36:26.579885,2024-08-22 08:00:00,2024-08-23 07:00:00,2024-08-22 08:00:00,2024-08-23 07:00:00,TRUE,TRUE,24,0,"refresh",TRUE,TRUE,NA
38,"CISO","PGAE",2024-08-24 01:20:23.915656,2024-08-23 08:00:00,2024-08-23 07:00:00,NA,NA,NA,NA,NA,NA,"refresh",FALSE,FALSE,"No new data is available; The data refresh failed, please check the log;"
38,"CISO","SCE",2024-08-24 01:20:23.917039,2024-08-23 08:00:00,2024-08-23 07:00:00,NA,NA,NA,NA,NA,NA,"refresh",FALSE,FALSE,"No new data is available; The data refresh failed, please check the log;"
38,"CISO","SDGE",2024-08-24 01:20:23.918145,2024-08-23 08:00:00,2024-08-23 07:00:00,NA,NA,NA,NA,NA,NA,"refresh",FALSE,FALSE,"No new data is available; The data refresh failed, please check the log;"
38,"CISO","VEA",2024-08-24 01:20:23.919235,2024-08-23 08:00:00,2024-08-23 07:00:00,NA,NA,NA,NA,NA,NA,"refresh",FALSE,FALSE,"No new data is available; The data refresh failed, please check the log;"
39,"CISO","PGAE",2024-08-24 12:34:47.762679,2024-08-23 08:00:00,2024-08-24 07:00:00,2024-08-23 08:00:00,2024-08-24 07:00:00,TRUE,TRUE,24,0,"refresh",TRUE,TRUE,NA
39,"CISO","SCE",2024-08-24 12:34:49.617555,2024-08-23 08:00:00,2024-08-24 07:00:00,2024-08-23 08:00:00,2024-08-24 07:00:00,TRUE,TRUE,24,11,"refresh",FALSE,FALSE,"Missing values were found; The data refresh failed, please check the log;"
39,"CISO","SDGE",2024-08-24 12:34:50.427108,2024-08-23 08:00:00,2024-08-24 07:00:00,2024-08-23 08:00:00,2024-08-24 07:00:00,TRUE,TRUE,24,0,"refresh",TRUE,TRUE,NA
39,"CISO","VEA",2024-08-24 12:34:52.230001,2024-08-23 08:00:00,2024-08-24 07:00:00,2024-08-23 08:00:00,2024-08-24 07:00:00,TRUE,TRUE,24,0,"refresh",TRUE,TRUE,NA
40,"CISO","PGAE",2024-08-25 01:28:16.702684,2024-08-24 08:00:00,2024-08-24 07:00:00,NA,NA,NA,NA,NA,NA,"refresh",FALSE,FALSE,"No new data is available; The data refresh failed, please check the log;"
40,"CISO","SCE",2024-08-25 01:28:17.690982,2024-08-23 08:00:00,2024-08-24 07:00:00,2024-08-23 08:00:00,2024-08-24 07:00:00,TRUE,TRUE,24,11,"refresh",FALSE,FALSE,"Missing values were found; The data refresh failed, please check the log;"
40,"CISO","SDGE",2024-08-25 01:28:17.694131,2024-08-24 08:00:00,2024-08-24 07:00:00,NA,NA,NA,NA,NA,NA,"refresh",FALSE,FALSE,"No new data is available; The data refresh failed, please check the log;"
40,"CISO","VEA",2024-08-25 01:28:17.695637,2024-08-24 08:00:00,2024-08-24 07:00:00,NA,NA,NA,NA,NA,NA,"refresh",FALSE,FALSE,"No new data is available; The data refresh failed, please check the log;"
41,"CISO","PGAE",2024-08-26 01:22:45.759998,2024-08-24 08:00:00,2024-08-25 07:00:00,2024-08-24 08:00:00,2024-08-25 07:00:00,TRUE,TRUE,24,0,"refresh",TRUE,TRUE,NA
41,"CISO","SCE",2024-08-26 01:22:47.740703,2024-08-23 08:00:00,2024-08-25 07:00:00,2024-08-23 08:00:00,2024-08-25 07:00:00,TRUE,TRUE,48,11,"refresh",FALSE,FALSE,"Missing values were found; The data refresh failed, please check the log;"
41,"CISO","SDGE",2024-08-26 01:22:48.476206,2024-08-24 08:00:00,2024-08-25 07:00:00,2024-08-24 08:00:00,2024-08-25 07:00:00,TRUE,TRUE,24,0,"refresh",TRUE,TRUE,NA
41,"CISO","VEA",2024-08-26 01:22:50.337975,2024-08-24 08:00:00,2024-08-25 07:00:00,2024-08-24 08:00:00,2024-08-25 07:00:00,TRUE,TRUE,24,0,"refresh",TRUE,TRUE,NA
42,"CISO","PGAE",2024-08-26 12:37:00.758061,2024-08-25 08:00:00,2024-08-25 07:00:00,NA,NA,NA,NA,NA,NA,"refresh",FALSE,FALSE,"No new data is available; The data refresh failed, please check the log;"
42,"CISO","SCE",2024-08-26 12:37:01.783174,2024-08-23 08:00:00,2024-08-25 07:00:00,2024-08-23 08:00:00,2024-08-25 07:00:00,TRUE,TRUE,48,11,"refresh",FALSE,FALSE,"Missing values were found; The data refresh failed, please check the log;"
42,"CISO","SDGE",2024-08-26 12:37:01.786182,2024-08-25 08:00:00,2024-08-25 07:00:00,NA,NA,NA,NA,NA,NA,"refresh",FALSE,FALSE,"No new data is available; The data refresh failed, please check the log;"
42,"CISO","VEA",2024-08-26 12:37:01.787708,2024-08-25 08:00:00,2024-08-25 07:00:00,NA,NA,NA,NA,NA,NA,"refresh",FALSE,FALSE,"No new data is available; The data refresh failed, please check the log;"
43,"CISO","PGAE",2024-08-27 01:23:27.103431,2024-08-25 08:00:00,2024-08-26 07:00:00,2024-08-25 08:00:00,2024-08-26 07:00:00,TRUE,TRUE,24,0,"refresh",TRUE,TRUE,NA
43,"CISO","SCE",2024-08-27 01:23:28.9308,2024-08-23 08:00:00,2024-08-26 07:00:00,2024-08-23 08:00:00,2024-08-26 07:00:00,TRUE,TRUE,72,13,"refresh",FALSE,FALSE,"Missing values were found; The data refresh failed, please check the log;"
43,"CISO","SDGE",2024-08-27 01:23:29.590876,2024-08-25 08:00:00,2024-08-26 07:00:00,2024-08-25 08:00:00,2024-08-26 07:00:00,TRUE,TRUE,24,0,"refresh",TRUE,TRUE,NA
43,"CISO","VEA",2024-08-27 01:23:31.351788,2024-08-25 08:00:00,2024-08-26 07:00:00,2024-08-25 08:00:00,2024-08-26 07:00:00,TRUE,TRUE,24,0,"refresh",TRUE,TRUE,NA
44,"CISO","PGAE",2024-08-27 12:36:57.204981,2024-08-26 08:00:00,2024-08-27 07:00:00,2024-08-26 15:00:00,2024-08-26 23:00:00,FALSE,FALSE,24,18,"refresh",FALSE,FALSE,"The start argument does not match the actual; The end argument does not match the actual; Missing values were found; The data refresh failed, please check the log;"
44,"CISO","SCE",2024-08-27 12:36:57.937131,2024-08-23 08:00:00,2024-08-27 07:00:00,2024-08-23 08:00:00,2024-08-26 16:00:00,TRUE,FALSE,96,35,"refresh",FALSE,FALSE,"The end argument does not match the actual; Missing values were found; The data refresh failed, please check the log;"
44,"CISO","SDGE",2024-08-27 12:36:58.493721,2024-08-26 08:00:00,2024-08-27 07:00:00,2024-08-26 15:00:00,2024-08-26 23:00:00,FALSE,FALSE,24,19,"refresh",FALSE,FALSE,"The start argument does not match the actual; The end argument does not match the actual; Missing values were found; The data refresh failed, please check the log;"
44,"CISO","VEA",2024-08-27 12:36:59.332617,2024-08-26 08:00:00,2024-08-27 07:00:00,2024-08-26 15:00:00,2024-08-26 23:00:00,FALSE,FALSE,24,19,"refresh",FALSE,FALSE,"The start argument does not match the actual; The end argument does not match the actual; Missing values were found; The data refresh failed, please check the log;"
45,"CISO","PGAE",2024-08-28 01:24:19.023458,2024-08-26 08:00:00,2024-08-27 07:00:00,2024-08-26 08:00:00,2024-08-27 07:00:00,TRUE,TRUE,24,5,"refresh",FALSE,FALSE,"Missing values were found; The data refresh failed, please check the log;"
45,"CISO","SCE",2024-08-28 01:24:19.927881,2024-08-23 08:00:00,2024-08-27 07:00:00,2024-08-23 08:00:00,2024-08-27 07:00:00,TRUE,TRUE,96,27,"refresh",FALSE,FALSE,"Missing values were found; The data refresh failed, please check the log;"
45,"CISO","SDGE",2024-08-28 01:24:21.019951,2024-08-26 08:00:00,2024-08-27 07:00:00,2024-08-26 08:00:00,2024-08-27 07:00:00,TRUE,TRUE,24,0,"refresh",TRUE,TRUE,NA
45,"CISO","VEA",2024-08-28 01:24:23.329466,2024-08-26 08:00:00,2024-08-27 07:00:00,2024-08-26 08:00:00,2024-08-27 07:00:00,TRUE,TRUE,24,0,"refresh",TRUE,TRUE,NA
46,"CISO","PGAE",2024-08-28 12:38:12.812309,2024-08-26 08:00:00,2024-08-28 07:00:00,2024-08-26 08:00:00,2024-08-28 07:00:00,TRUE,TRUE,48,12,"refresh",FALSE,FALSE,"Missing values were found; The data refresh failed, please check the log;"
46,"CISO","SCE",2024-08-28 12:38:13.962525,2024-08-23 08:00:00,2024-08-28 07:00:00,2024-08-23 08:00:00,2024-08-28 07:00:00,TRUE,TRUE,120,41,"refresh",FALSE,FALSE,"Missing values were found; The data refresh failed, please check the log;"
46,"CISO","SDGE",2024-08-28 12:38:14.941875,2024-08-27 08:00:00,2024-08-28 07:00:00,2024-08-27 08:00:00,2024-08-28 07:00:00,TRUE,TRUE,24,0,"refresh",TRUE,TRUE,NA
46,"CISO","VEA",2024-08-28 12:38:16.848019,2024-08-27 08:00:00,2024-08-28 07:00:00,2024-08-27 08:00:00,2024-08-28 07:00:00,TRUE,TRUE,24,0,"refresh",TRUE,TRUE,NA
47,"CISO","PGAE",2024-08-29 01:24:40.513242,2024-08-26 08:00:00,2024-08-28 07:00:00,2024-08-26 08:00:00,2024-08-28 07:00:00,TRUE,TRUE,48,5,"refresh",FALSE,FALSE,"Missing values were found; The data refresh failed, please check the log;"
47,"CISO","SCE",2024-08-29 01:24:53.492798,2024-08-23 08:00:00,2024-08-28 07:00:00,2024-08-23 08:00:00,2024-08-28 07:00:00,TRUE,TRUE,120,14,"refresh",FALSE,FALSE,"Missing values were found; The data refresh failed, please check the log;"
47,"CISO","SDGE",2024-08-29 01:24:53.496109,2024-08-28 08:00:00,2024-08-28 07:00:00,NA,NA,NA,NA,NA,NA,"refresh",FALSE,FALSE,"No new data is available; The data refresh failed, please check the log;"
47,"CISO","VEA",2024-08-29 01:24:53.497638,2024-08-28 08:00:00,2024-08-28 07:00:00,NA,NA,NA,NA,NA,NA,"refresh",FALSE,FALSE,"No new data is available; The data refresh failed, please check the log;"
48,"CISO","PGAE",2024-08-29 12:37:41.485189,2024-08-26 08:00:00,2024-08-29 07:00:00,2024-08-26 08:00:00,2024-08-29 07:00:00,TRUE,TRUE,72,5,"refresh",FALSE,FALSE,"Missing values were found; The data refresh failed, please check the log;"
48,"CISO","SCE",2024-08-29 12:37:42.487537,2024-08-23 08:00:00,2024-08-29 07:00:00,2024-08-23 08:00:00,2024-08-29 07:00:00,TRUE,TRUE,144,14,"refresh",FALSE,FALSE,"Missing values were found; The data refresh failed, please check the log;"
48,"CISO","SDGE",2024-08-29 12:37:43.149717,2024-08-28 08:00:00,2024-08-29 07:00:00,2024-08-28 08:00:00,2024-08-29 07:00:00,TRUE,TRUE,24,0,"refresh",TRUE,TRUE,NA
48,"CISO","VEA",2024-08-29 12:37:45.116968,2024-08-28 08:00:00,2024-08-29 07:00:00,2024-08-28 08:00:00,2024-08-29 07:00:00,TRUE,TRUE,24,0,"refresh",TRUE,TRUE,NA
49,"CISO","PGAE",2024-08-30 01:25:17.941163,2024-08-26 08:00:00,2024-08-29 07:00:00,2024-08-26 08:00:00,2024-08-29 07:00:00,TRUE,TRUE,72,5,"refresh",FALSE,FALSE,"Missing values were found; The data refresh failed, please check the log;"
49,"CISO","SCE",2024-08-30 01:25:20.730438,2024-08-23 08:00:00,2024-08-29 07:00:00,2024-08-23 08:00:00,2024-08-29 07:00:00,TRUE,TRUE,144,14,"refresh",FALSE,FALSE,"Missing values were found; The data refresh failed, please check the log;"
49,"CISO","SDGE",2024-08-30 01:25:20.733613,2024-08-29 08:00:00,2024-08-29 07:00:00,NA,NA,NA,NA,NA,NA,"refresh",FALSE,FALSE,"No new data is available; The data refresh failed, please check the log;"
49,"CISO","VEA",2024-08-30 01:25:20.735119,2024-08-29 08:00:00,2024-08-29 07:00:00,NA,NA,NA,NA,NA,NA,"refresh",FALSE,FALSE,"No new data is available; The data refresh failed, please check the log;"
50,"CISO","PGAE",2024-08-31 01:24:50.721546,2024-08-26 08:00:00,2024-08-30 07:00:00,2024-08-26 08:00:00,2024-08-30 07:00:00,TRUE,TRUE,96,5,"refresh",FALSE,FALSE,"Missing values were found; The data refresh failed, please check the log;"
50,"CISO","SCE",2024-08-31 01:25:00.012058,2024-08-23 08:00:00,2024-08-30 07:00:00,2024-08-23 08:00:00,2024-08-30 07:00:00,TRUE,TRUE,168,14,"refresh",FALSE,FALSE,"Missing values were found; The data refresh failed, please check the log;"
50,"CISO","SDGE",2024-08-31 01:25:06.730361,2024-08-29 08:00:00,2024-08-30 07:00:00,2024-08-29 08:00:00,2024-08-30 07:00:00,TRUE,TRUE,24,0,"refresh",TRUE,TRUE,NA
50,"CISO","VEA",2024-08-31 01:25:18.262938,2024-08-29 08:00:00,2024-08-30 07:00:00,2024-08-29 08:00:00,2024-08-30 07:00:00,TRUE,TRUE,24,0,"refresh",TRUE,TRUE,NA
51,"CISO","PGAE",2024-08-31 12:35:18.776932,2024-08-26 08:00:00,2024-08-31 07:00:00,2024-08-26 08:00:00,2024-08-31 07:00:00,TRUE,TRUE,120,5,"refresh",FALSE,FALSE,"Missing values were found; The data refresh failed, please check the log;"
51,"CISO","SCE",2024-08-31 12:35:19.639048,2024-08-23 08:00:00,2024-08-31 07:00:00,2024-08-23 08:00:00,2024-08-31 07:00:00,TRUE,TRUE,192,14,"refresh",FALSE,FALSE,"Missing values were found; The data refresh failed, please check the log;"
51,"CISO","SDGE",2024-08-31 12:35:20.338079,2024-08-30 08:00:00,2024-08-31 07:00:00,2024-08-30 08:00:00,2024-08-31 07:00:00,TRUE,TRUE,24,0,"refresh",TRUE,TRUE,NA
51,"CISO","VEA",2024-08-31 12:35:22.183079,2024-08-30 08:00:00,2024-08-31 07:00:00,2024-08-30 08:00:00,2024-08-31 07:00:00,TRUE,TRUE,24,0,"refresh",TRUE,TRUE,NA
52,"CISO","PGAE",2024-09-01 01:44:12.512945,2024-08-26 08:00:00,2024-08-31 07:00:00,2024-08-26 08:00:00,2024-08-31 07:00:00,TRUE,TRUE,120,5,"refresh",FALSE,FALSE,"Missing values were found; The data refresh failed, please check the log;"
52,"CISO","SCE",2024-09-01 01:44:13.149525,2024-08-23 08:00:00,2024-08-31 07:00:00,2024-08-23 08:00:00,2024-08-31 07:00:00,TRUE,TRUE,192,14,"refresh",FALSE,FALSE,"Missing values were found; The data refresh failed, please check the log;"
52,"CISO","SDGE",2024-09-01 01:44:13.152745,2024-08-31 08:00:00,2024-08-31 07:00:00,NA,NA,NA,NA,NA,NA,"refresh",FALSE,FALSE,"No new data is available; The data refresh failed, please check the log;"
52,"CISO","VEA",2024-09-01 01:44:13.154239,2024-08-31 08:00:00,2024-08-31 07:00:00,NA,NA,NA,NA,NA,NA,"refresh",FALSE,FALSE,"No new data is available; The data refresh failed, please check the log;"
53,"CISO","PGAE",2024-09-01 12:35:22.467397,2024-08-26 08:00:00,2024-09-01 07:00:00,2024-08-26 08:00:00,2024-09-01 07:00:00,TRUE,TRUE,144,5,"refresh",FALSE,FALSE,"Missing values were found; The data refresh failed, please check the log;"
53,"CISO","SCE",2024-09-01 12:35:23.217838,2024-08-23 08:00:00,2024-09-01 07:00:00,2024-08-23 08:00:00,2024-09-01 07:00:00,TRUE,TRUE,216,14,"refresh",FALSE,FALSE,"Missing values were found; The data refresh failed, please check the log;"
53,"CISO","SDGE",2024-09-01 12:35:23.817648,2024-08-31 08:00:00,2024-09-01 07:00:00,2024-08-31 08:00:00,2024-09-01 07:00:00,TRUE,TRUE,24,0,"refresh",TRUE,TRUE,NA
53,"CISO","VEA",2024-09-01 12:35:25.890165,2024-08-31 08:00:00,2024-09-01 07:00:00,2024-08-31 08:00:00,2024-09-01 07:00:00,TRUE,TRUE,24,0,"refresh",TRUE,TRUE,NA
54,"CISO","PGAE",2024-09-02 01:26:43.745585,2024-08-26 08:00:00,2024-09-01 07:00:00,2024-08-26 08:00:00,2024-09-01 07:00:00,TRUE,TRUE,144,5,"refresh",FALSE,FALSE,"Missing values were found; The data refresh failed, please check the log;"
54,"CISO","SCE",2024-09-02 01:26:44.707212,2024-08-23 08:00:00,2024-09-01 07:00:00,2024-08-23 08:00:00,2024-09-01 07:00:00,TRUE,TRUE,216,14,"refresh",FALSE,FALSE,"Missing values were found; The data refresh failed, please check the log;"
54,"CISO","SDGE",2024-09-02 01:26:44.710508,2024-09-01 08:00:00,2024-09-01 07:00:00,NA,NA,NA,NA,NA,NA,"refresh",FALSE,FALSE,"No new data is available; The data refresh failed, please check the log;"
54,"CISO","VEA",2024-09-02 01:26:44.712101,2024-09-01 08:00:00,2024-09-01 07:00:00,NA,NA,NA,NA,NA,NA,"refresh",FALSE,FALSE,"No new data is available; The data refresh failed, please check the log;"
55,"CISO","PGAE",2024-09-02 12:39:13.470616,2024-08-26 08:00:00,2024-09-02 07:00:00,2024-08-26 08:00:00,2024-09-02 07:00:00,TRUE,TRUE,168,5,"refresh",FALSE,FALSE,"Missing values were found; The data refresh failed, please check the log;"
55,"CISO","SCE",2024-09-02 12:39:14.422631,2024-08-23 08:00:00,2024-09-02 07:00:00,2024-08-23 08:00:00,2024-09-02 07:00:00,TRUE,TRUE,240,14,"refresh",FALSE,FALSE,"Missing values were found; The data refresh failed, please check the log;"
55,"CISO","SDGE",2024-09-02 12:39:15.128838,2024-09-01 08:00:00,2024-09-02 07:00:00,2024-09-01 08:00:00,2024-09-02 07:00:00,TRUE,TRUE,24,0,"refresh",TRUE,TRUE,NA
55,"CISO","VEA",2024-09-02 12:39:17.048178,2024-09-01 08:00:00,2024-09-02 07:00:00,2024-09-01 08:00:00,2024-09-02 07:00:00,TRUE,TRUE,24,0,"refresh",TRUE,TRUE,NA
56,"CISO","PGAE",2024-09-03 01:24:20.059562,2024-08-26 08:00:00,2024-09-02 07:00:00,2024-08-26 08:00:00,2024-09-02 07:00:00,TRUE,TRUE,168,5,"refresh",FALSE,FALSE,"Missing values were found; The data refresh failed, please check the log;"
56,"CISO","SCE",2024-09-03 01:24:21.210731,2024-08-23 08:00:00,2024-09-02 07:00:00,2024-08-23 08:00:00,2024-09-02 07:00:00,TRUE,TRUE,240,14,"refresh",FALSE,FALSE,"Missing values were found; The data refresh failed, please check the log;"
56,"CISO","SDGE",2024-09-03 01:24:21.214278,2024-09-02 08:00:00,2024-09-02 07:00:00,NA,NA,NA,NA,NA,NA,"refresh",FALSE,FALSE,"No new data is available; The data refresh failed, please check the log;"
56,"CISO","VEA",2024-09-03 01:24:21.215859,2024-09-02 08:00:00,2024-09-02 07:00:00,NA,NA,NA,NA,NA,NA,"refresh",FALSE,FALSE,"No new data is available; The data refresh failed, please check the log;"
57,"CISO","PGAE",2024-09-03 12:38:14.714624,2024-08-26 08:00:00,2024-09-03 07:00:00,2024-08-26 08:00:00,2024-09-03 07:00:00,TRUE,TRUE,192,5,"refresh",FALSE,FALSE,"Missing values were found; The data refresh failed, please check the log;"
57,"CISO","SCE",2024-09-03 12:38:15.309911,2024-08-23 08:00:00,2024-09-03 07:00:00,2024-08-23 08:00:00,2024-09-03 07:00:00,TRUE,TRUE,264,14,"refresh",FALSE,FALSE,"Missing values were found; The data refresh failed, please check the log;"
57,"CISO","SDGE",2024-09-03 12:38:15.823413,2024-09-02 08:00:00,2024-09-03 07:00:00,2024-09-02 08:00:00,2024-09-03 07:00:00,TRUE,TRUE,24,0,"refresh",TRUE,TRUE,NA
57,"CISO","VEA",2024-09-03 12:38:17.503496,2024-09-02 08:00:00,2024-09-03 07:00:00,2024-09-02 08:00:00,2024-09-03 07:00:00,TRUE,TRUE,24,0,"refresh",TRUE,TRUE,NA
58,"CISO","PGAE",2024-09-04 01:25:41.223542,2024-08-26 08:00:00,2024-09-03 07:00:00,2024-08-26 08:00:00,2024-09-03 07:00:00,TRUE,TRUE,192,5,"refresh",FALSE,FALSE,"Missing values were found; The data refresh failed, please check the log; "
58,"CISO","SCE",2024-09-04 01:25:42.019424,2024-08-23 08:00:00,2024-09-03 07:00:00,2024-08-23 08:00:00,2024-09-03 07:00:00,TRUE,TRUE,264,14,"refresh",FALSE,FALSE,"Missing values were found; The data refresh failed, please check the log; "
58,"CISO","SDGE",2024-09-04 01:25:42.022608,2024-09-03 08:00:00,2024-09-03 07:00:00,NA,NA,NA,NA,NA,NA,"refresh",FALSE,FALSE,"No new data is available; The data refresh failed, please check the log; "
58,"CISO","VEA",2024-09-04 01:25:42.024241,2024-09-03 08:00:00,2024-09-03 07:00:00,NA,NA,NA,NA,NA,NA,"refresh",FALSE,FALSE,"No new data is available; The data refresh failed, please check the log; "
